"CowId","herd","SERVICE_DATE"
1,3,10AUG2011
1,3,04JUL2012
1,3,17JUL2012
1,3,07AUG2014
1,3,26AUG2014
3,2,11MAY2011
3,2,04MAY2012
3,2,31AUG2012
3,2,11OCT2012
3,2,03NOV2012
3,2,29OCT2013
4,3,12SEP2012
4,3,15SEP2012
4,3,04NOV2012
4,3,05JAN2013
4,3,09DEC2013
4,3,18JAN2014
4,3,08DEC2014
4,3,22DEC2014
4,3,22JAN2015
4,3,03MAR2015
4,3,04MAR2015
5,3,08OCT2011
5,3,30DEC2011
5,3,08MAR2012
5,3,16APR2012
5,3,18MAY2013
5,3,03JUN2013
5,3,14JUN2014
8,2,30DEC2015
8,2,13FEB2016
8,2,16MAY2017
8,2,21JUL2017
9,3,03MAR2012
9,3,11APR2012
9,3,22MAY2012
9,3,21JUL2012
9,3,11AUG2012
9,3,27JUL2013
9,3,01JUN2014
9,3,16JUL2014
9,3,22OCT2014
9,3,22DEC2014
9,3,14FEB2015
9,3,06APR2015
10,3,01NOV2011
10,3,30DEC2011
10,3,23MAR2012
10,3,26MAY2012
10,3,12MAY2014
10,3,14AUG2014
10,3,29JUL2015
10,3,02OCT2015
10,3,01SEP2016
10,3,01NOV2016
10,3,01DEC2017
11,3,07SEP2011
11,3,26NOV2011
11,3,26OCT2012
11,3,16NOV2012
11,3,17NOV2012
11,3,18MAR2014
12,3,05OCT2011
12,3,08MAR2012
12,3,12APR2012
12,3,20APR2012
12,3,08JUN2012
12,3,25APR2014
12,3,18JUN2014
12,3,06AUG2014
12,3,16JUL2015
12,3,28AUG2015
12,3,15OCT2015
12,3,03DEC2015
12,3,18JAN2016
12,3,03FEB2017
12,3,04APR2017
12,3,26APR2017
13,3,02NOV2011
13,3,03FEB2012
13,3,26JAN2013
13,3,18MAR2013
13,3,26APR2014
14,2,20APR2012
14,2,05JUN2012
14,2,03MAY2013
14,2,11JUN2013
14,2,15JUN2014
14,2,07OCT2014
14,2,13FEB2016
15,2,30JUN2011
15,2,07JUN2012
15,2,20MAY2013
15,2,23JUL2013
15,2,04SEP2013
15,2,26OCT2013
15,2,13DEC2013
15,2,27JAN2014
15,2,27MAR2015
17,3,22NOV2011
17,3,12MAR2012
17,3,21JUN2012
17,3,27JUL2013
17,3,02SEP2013
17,3,07SEP2013
17,3,06NOV2013
17,3,11DEC2013
18,2,23DEC2011
18,2,07FEB2013
18,2,18MAR2013
18,2,04MAY2013
18,2,17JUN2013
18,2,09JUL2013
18,2,14AUG2013
18,2,16AUG2013
18,2,09SEP2014
18,2,16OCT2014
18,2,12NOV2014
18,2,17DEC2014
18,2,29JAN2015
18,2,30JAN2015
18,2,13FEB2016
18,2,26MAR2016
18,2,16JUL2016
18,2,30AUG2016
19,2,10NOV2011
19,2,05DEC2012
19,2,19NOV2013
19,2,23DEC2013
19,2,12FEB2014
19,2,16MAR2015
19,2,13JUN2015
19,2,27MAR2016
19,2,15APR2016
19,2,16JUL2016
20,3,19NOV2013
20,3,10DEC2013
20,3,17MAY2014
20,3,01MAY2015
20,3,15JUN2015
20,3,31JUL2015
21,3,05MAR2012
21,3,08JUN2012
21,3,04NOV2012
21,3,14APR2014
21,3,08MAY2014
21,3,05JUN2014
22,3,08MAR2012
22,3,02MAR2013
22,3,12MAR2013
23,2,05JAN2012
23,2,04FEB2013
23,2,15MAR2013
23,2,18OCT2013
23,2,23NOV2013
23,2,23DEC2014
23,2,31DEC2015
23,2,27FEB2016
23,2,24MAY2016
23,2,21JUL2017
23,2,22JUL2017
23,2,04SEP2017
23,2,24SEP2017
24,2,20APR2012
24,2,03MAY2013
24,2,22MAY2013
24,2,10JUN2013
24,2,29NOV2014
27,2,08MAR2012
27,2,24MAR2012
27,2,16APR2012
27,2,04MAY2012
27,2,25MAY2012
28,2,29DEC2011
28,2,09FEB2012
28,2,02APR2012
28,2,21APR2012
28,2,25APR2013
28,2,12APR2014
28,2,08APR2015
28,2,06JUN2015
28,2,02SEP2015
28,2,26SEP2015
28,2,17NOV2016
28,2,26NOV2017
29,2,09DEC2011
29,2,28DEC2012
29,2,16FEB2013
29,2,29MAR2013
29,2,27JUN2014
29,2,22AUG2014
29,2,29DEC2014
30,2,15FEB2012
30,2,20FEB2012
30,2,10APR2012
30,2,21MAY2012
30,2,07JUL2012
31,3,29APR2012
31,3,10JUN2012
31,3,02NOV2012
32,3,21JUN2012
32,3,22JUN2012
32,3,01NOV2012
32,3,18JAN2013
33,3,02MAY2012
33,3,21JUN2012
33,3,22JUN2012
33,3,28MAY2013
33,3,13MAY2014
33,3,23SEP2014
34,3,12JAN2012
34,3,21JAN2012
34,3,08JUN2013
34,3,21MAY2014
34,3,15JUL2014
34,3,09SEP2014
35,3,30SEP2011
35,3,10OCT2012
35,3,11OCT2012
35,3,01NOV2012
36,2,01APR2012
36,2,26JUN2012
36,2,21AUG2012
36,2,27OCT2012
36,2,09DEC2012
36,2,30DEC2013
36,2,19MAR2014
36,2,31MAY2014
36,2,01AUG2015
36,2,22SEP2015
36,2,09NOV2015
37,2,12MAR2012
37,2,24MAY2012
37,2,10JUL2012
37,2,01AUG2012
37,2,14JUL2013
37,2,31AUG2013
37,2,12OCT2013
37,2,23NOV2013
37,2,15DEC2013
37,2,20DEC2014
37,2,04FEB2015
37,2,07FEB2016
37,2,01APR2016
37,2,29MAY2016
37,2,17JUN2016
37,2,15OCT2016
37,2,19DEC2016
37,2,11DEC2017
38,3,28JUL2012
38,3,27AUG2014
38,3,01OCT2014
38,3,06OCT2014
38,3,17NOV2014
39,3,21MAY2012
39,3,07NOV2012
39,3,16NOV2013
39,3,17OCT2014
39,3,23OCT2014
39,3,09NOV2014
39,3,10JAN2015
39,3,03MAR2015
39,3,04MAR2015
40,3,30APR2012
40,3,18MAY2013
40,3,10JUN2013
40,3,20AUG2013
40,3,12NOV2013
40,3,09MAR2014
40,3,19MAY2014
40,3,01MAY2015
40,3,14APR2016
40,3,20MAY2016
40,3,08JUL2016
40,3,20AUG2016
40,3,01OCT2016
40,3,01NOV2016
41,3,21JUN2012
41,3,05JUN2013
41,3,26JUN2013
41,3,03AUG2013
41,3,14SEP2013
41,3,30SEP2014
41,3,03DEC2014
41,3,15JAN2015
41,3,07MAR2015
41,3,04DEC2015
42,3,19JUN2012
42,3,10AUG2012
42,3,19JUL2013
42,3,23JUL2014
42,3,30SEP2014
42,3,06OCT2015
42,3,12NOV2015
42,3,15NOV2015
42,3,19JAN2016
42,3,15FEB2016
44,2,27FEB2012
44,2,06APR2013
44,2,30MAR2014
45,2,10APR2012
45,2,06APR2013
45,2,20MAY2013
45,2,01JUL2013
45,2,01OCT2013
45,2,18NOV2013
45,2,30DEC2013
45,2,12FEB2015
45,2,21MAR2015
45,2,20MAY2015
45,2,01AUG2015
45,2,19SEP2015
45,2,26DEC2015
45,2,18JAN2016
46,2,27FEB2012
46,2,10APR2012
46,2,24MAY2012
47,2,05MAR2012
47,2,10APR2012
47,2,06APR2013
47,2,14MAY2013
47,2,08JUL2014
47,2,23JUN2015
47,2,18JUL2016
47,2,03SEP2016
47,2,04SEP2016
47,2,10NOV2017
48,3,27APR2012
48,3,11JUN2012
48,3,21JUL2012
48,3,10AUG2012
48,3,20OCT2012
48,3,27AUG2014
48,3,29SEP2014
48,3,26SEP2015
48,3,30OCT2016
48,3,21NOV2016
48,3,23NOV2016
48,3,02NOV2017
49,2,10APR2012
49,2,10JUL2012
49,2,16SEP2013
49,2,29OCT2013
49,2,13DEC2013
49,2,13DEC2014
49,2,19JAN2015
49,2,13FEB2016
49,2,26MAR2016
49,2,29MAY2016
49,2,11JUL2016
49,2,16SEP2016
49,2,08NOV2016
49,2,18DEC2017
52,3,10AUG2012
52,3,04NOV2012
52,3,15OCT2013
53,3,21MAY2012
53,3,12NOV2012
53,3,10NOV2013
53,3,18OCT2014
53,3,09DEC2014
53,3,10DEC2014
53,3,04DEC2015
53,3,17SEP2016
53,3,29OCT2016
53,3,07DEC2016
55,3,21JUN2012
55,3,12SEP2012
55,3,07SEP2013
55,3,22OCT2014
56,3,30MAY2012
56,3,03JUL2012
56,3,08JUN2013
56,3,13JUL2013
56,3,28AUG2013
56,3,20JUN2014
56,3,03NOV2014
56,3,02OCT2015
56,3,10NOV2015
56,3,16NOV2015
56,3,18FEB2016
56,3,12JAN2017
56,3,14DEC2017
57,3,03JUL2012
57,3,10AUG2012
57,3,03NOV2012
57,3,10JAN2015
58,2,22APR2012
58,2,16OCT2012
58,2,15FEB2014
58,2,12MAR2014
58,2,13MAR2014
58,2,05APR2014
59,2,10JUN2012
59,2,17JUN2013
59,2,27JUL2013
59,2,22SEP2014
59,2,05DEC2014
59,2,18JAN2016
59,2,09FEB2016
59,2,13FEB2016
59,2,07APR2017
59,2,22MAY2017
59,2,27JUL2017
59,2,14AUG2017
60,2,20JUN2012
60,2,03JUN2013
60,2,13AUG2013
60,2,23SEP2013
60,2,23DEC2014
60,2,11JAN2015
60,2,02FEB2016
60,2,01APR2016
60,2,21MAY2016
60,2,09JUN2016
61,2,01APR2012
61,2,24MAY2012
61,2,11JUL2012
61,2,01NOV2012
61,2,23NOV2012
62,3,15JUN2012
63,3,02MAY2013
63,3,11JUN2013
63,3,31JUL2013
63,3,04SEP2013
63,3,15NOV2013
64,3,27JUN2012
64,3,08JUL2014
64,3,01AUG2014
64,3,04OCT2014
64,3,23OCT2014
64,3,08DEC2014
64,3,06FEB2015
64,3,01MAR2015
64,3,20MAR2015
64,3,21MAR2015
65,3,04NOV2012
65,3,18NOV2012
65,3,08DEC2012
65,3,18JAN2013
65,3,06DEC2014
65,3,09JAN2015
65,3,04DEC2015
65,3,04NOV2016
65,3,02DEC2016
65,3,05JAN2017
65,3,26JAN2017
66,2,23JUN2012
66,2,17JUN2013
66,2,27JUL2013
66,2,17JUL2014
67,2,30JUL2012
68,2,15JUN2012
68,2,17JUN2013
68,2,12JUL2014
68,2,29OCT2014
68,2,23DEC2014
68,2,24JAN2015
68,2,30JAN2016
68,2,15APR2016
68,2,06MAY2016
69,2,12JUN2012
69,2,26JUN2012
69,2,01AUG2012
69,2,01OCT2013
69,2,18NOV2013
69,2,19NOV2013
69,2,07FEB2014
69,2,23FEB2014
69,2,20MAR2014
69,2,03MAY2014
69,2,20FEB2015
69,2,07APR2015
70,2,27JUL2012
70,2,16OCT2012
70,2,18DEC2012
70,2,01FEB2014
70,2,23FEB2014
70,2,27MAR2015
70,2,28MAR2015
70,2,26APR2016
70,2,24MAY2016
70,2,07JUL2016
70,2,01AUG2016
70,2,28AUG2016
70,2,19SEP2016
70,2,12OCT2016
71,2,01MAR2013
71,2,07MAR2014
71,2,02APR2014
71,2,20MAY2015
71,2,19JUN2015
71,2,28JUL2015
71,2,10SEP2015
71,2,25DEC2015
71,2,13FEB2016
71,2,01APR2016
72,3,04FEB2013
72,3,14MAR2014
72,3,26APR2014
72,3,05JUN2014
72,3,18MAY2015
72,3,17JUN2015
72,3,04AUG2015
72,3,29AUG2015
72,3,24SEP2015
72,3,26SEP2015
72,3,23OCT2015
72,3,15NOV2015
72,3,16NOV2015
72,3,10FEB2016
72,3,10JAN2017
72,3,12JAN2017
72,3,24FEB2017
72,3,01APR2017
72,3,04APR2017
72,3,06MAY2017
72,3,20JUN2017
73,3,18NOV2012
73,3,09DEC2012
73,3,19JAN2013
73,3,14APR2014
73,3,21MAR2015
73,3,30MAR2015
73,3,17MAY2015
73,3,13JUL2015
73,3,29AUG2015
73,3,12AUG2016
73,3,27JUL2017
73,3,08SEP2017
74,3,07DEC2012
74,3,03FEB2013
74,3,24MAR2013
75,3,02NOV2012
75,3,12DEC2012
75,3,23NOV2013
76,3,22JAN2014
76,3,13JAN2015
76,3,11MAR2015
76,3,30MAR2015
76,3,25APR2015
76,3,20JUN2015
76,3,16JUL2015
76,3,29AUG2015
76,3,11AUG2016
76,3,17SEP2016
77,3,24MAR2013
77,3,08JUN2013
77,3,31JUL2013
77,3,03AUG2013
77,3,22JUL2014
77,3,25SEP2014
77,3,09NOV2014
77,3,15NOV2014
77,3,08DEC2014
77,3,13JAN2015
77,3,14JAN2015
78,3,27OCT2016
78,3,29OCT2016
78,3,09DEC2016
78,3,31JAN2017
78,3,20MAR2017
78,3,14APR2017
78,3,25MAY2017
78,3,23AUG2017
78,3,28OCT2017
80,2,21FEB2013
80,2,05APR2013
81,2,16JAN2013
81,2,07MAR2013
81,2,22APR2013
81,2,06MAY2014
81,2,29MAY2014
81,2,11MAY2015
81,2,01AUG2015
81,2,23AUG2015
81,2,26DEC2015
82,2,22OCT2012
82,2,15JAN2013
82,2,13FEB2014
82,2,01MAR2015
82,2,12MAY2015
83,2,28AUG2012
83,2,16OCT2012
83,2,25NOV2012
83,2,25JAN2013
83,2,16APR2013
84,2,28AUG2012
84,2,27OCT2012
84,2,30DEC2012
84,2,16FEB2013
84,2,22APR2013
84,2,03JUN2013
84,2,12JUL2013
85,3,21MAR2013
86,3,03NOV2012
86,3,28JAN2014
86,3,25DEC2014
86,3,03FEB2015
86,3,14JAN2016
87,3,04NOV2012
87,3,24JAN2013
87,3,07APR2014
88,3,21MAR2013
88,3,07APR2014
88,3,12MAY2014
88,3,13JUN2014
88,3,30JUN2014
88,3,22JUL2014
88,3,16JUL2015
89,3,12DEC2012
89,3,12NOV2013
89,3,03DEC2013
90,3,03FEB2013
90,3,18MAY2013
90,3,27MAY2014
90,3,25OCT2014
90,3,10JAN2015
90,3,15JAN2015
91,3,22MAR2013
91,3,21MAR2014
91,3,10APR2014
91,3,17MAY2014
91,3,16JUL2014
91,3,27SEP2014
91,3,01NOV2014
91,3,14DEC2014
91,3,24JAN2015
92,3,22MAR2013
92,3,02MAY2013
93,3,07JUN2013
93,3,24MAY2014
93,3,22JUL2014
93,3,02AUG2014
93,3,21AUG2014
93,3,20OCT2014
93,3,24SEP2015
93,3,22OCT2016
93,3,02DEC2016
94,2,09DEC2012
94,2,07FEB2013
94,2,30JUL2016
95,2,28AUG2012
95,2,27OCT2012
95,2,18NOV2013
95,2,30DEC2013
95,2,22JAN2014
95,2,01MAR2015
95,2,23MAY2015
95,2,31JUL2015
95,2,01AUG2015
95,2,22SEP2015
95,2,25OCT2015
95,2,26DEC2015
95,2,19FEB2017
95,2,22APR2017
95,2,24JUN2017
96,2,13AUG2012
96,2,16OCT2012
96,2,11JAN2013
96,2,07MAR2013
96,2,16APR2013
96,2,12JUL2014
96,2,31JAN2015
96,2,26APR2016
96,2,11NOV2016
97,2,24DEC2012
98,2,22DEC2012
98,2,22DEC2013
98,2,20JAN2014
98,2,19FEB2015
98,2,01MAR2016
98,2,24MAY2016
98,2,17NOV2016
98,2,04DEC2017
99,3,31OCT2012
99,3,11DEC2012
99,3,29MAR2013
99,3,28FEB2014
99,3,06FEB2015
99,3,08FEB2015
99,3,14JAN2016
99,3,20FEB2016
99,3,15MAR2016
99,3,07APR2016
99,3,08APR2016
99,3,04MAY2016
99,3,15MAY2017
99,3,09JUN2017
99,3,21JUL2017
99,3,05SEP2017
99,3,06SEP2017
100,3,07DEC2012
100,3,28MAY2013
100,3,03AUG2013
100,3,07SEP2013
100,3,23OCT2013
101,3,31OCT2012
101,3,12DEC2012
101,3,24JAN2013
101,3,20JAN2014
101,3,21JAN2014
101,3,09MAR2014
101,3,10MAR2014
101,3,14APR2014
101,3,01MAY2014
101,3,14JUL2014
101,3,24SEP2014
101,3,01NOV2014
101,3,22DEC2014
101,3,15JAN2015
101,3,15JAN2015
101,3,26SEP2015
102,3,30JAN2013
102,3,21JAN2014
102,3,08MAR2014
102,3,09MAR2014
102,3,16MAY2014
102,3,17MAY2014
102,3,09JUN2014
102,3,10JUN2014
103,3,29MAR2013
103,3,10MAY2013
103,3,21JUN2013
103,3,31JUL2013
104,3,09MAY2013
104,3,21JUN2013
104,3,02SEP2013
104,3,12OCT2013
104,3,20SEP2014
104,3,24OCT2014
104,3,13NOV2014
104,3,13JAN2015
105,2,01NOV2012
105,2,15JAN2013
105,2,24FEB2013
105,2,22APR2013
105,2,03JUN2013
105,2,26SEP2013
105,2,04NOV2013
106,2,07FEB2013
106,2,15MAR2013
106,2,09APR2013
106,2,13MAY2013
106,2,31MAY2013
106,2,09FEB2014
106,2,03MAY2014
106,2,02JUN2015
106,2,26OCT2015
107,3,28MAY2013
107,3,20JUL2013
108,3,25APR2013
108,3,04JUN2013
108,3,20MAY2014
108,3,12JUN2014
108,3,19JUL2014
108,3,13JUL2015
108,3,29AUG2015
108,3,15OCT2015
108,3,05DEC2015
109,3,30JAN2013
109,3,21JAN2014
109,3,28OCT2014
109,3,08DEC2014
109,3,10DEC2014
109,3,03FEB2015
109,3,14JAN2016
109,3,04MAR2016
109,3,26MAR2016
110,2,07MAR2013
110,2,03MAY2014
110,2,15SEP2015
111,2,30DEC2012
111,2,12FEB2014
111,2,28FEB2014
111,2,13APR2014
111,2,05MAY2014
111,2,23MAY2015
111,2,22JUN2015
111,2,11JUL2015
111,2,22SEP2015
112,2,01FEB2013
112,2,05APR2014
112,2,20MAY2015
112,2,28JUL2015
112,2,22SEP2015
112,2,07NOV2016
113,2,07NOV2012
113,2,25NOV2012
113,2,21JAN2014
113,2,01FEB2014
113,2,21MAR2014
113,2,27MAR2015
113,2,23MAY2015
113,2,14JUN2015
113,2,12SEP2015
114,2,01NOV2012
114,2,25NOV2012
114,2,13DEC2012
114,2,15JAN2013
114,2,23FEB2014
115,1,28NOV2013
115,1,04NOV2014
115,1,15NOV2015
115,1,08MAR2016
116,3,30APR2013
116,3,18MAY2013
116,3,13MAY2014
116,3,15JUN2014
116,3,17JUN2015
116,3,05JUL2015
116,3,11AUG2015
116,3,22NOV2015
117,3,24MAR2013
117,3,24MAR2013
117,3,12APR2013
117,3,07JUN2013
117,3,03AUG2013
117,3,12OCT2013
117,3,08NOV2013
117,3,20OCT2014
117,3,20DEC2014
118,3,02MAY2013
118,3,01APR2014
118,3,19APR2014
119,3,12APR2013
119,3,04APR2014
120,3,12APR2013
120,3,13JUN2013
120,3,01JUN2014
120,3,21JUL2014
120,3,08AUG2014
120,3,11OCT2014
120,3,21NOV2014
120,3,20JAN2015
120,3,10FEB2016
120,3,24JAN2017
120,3,10MAR2017
120,3,11MAR2017
120,3,16MAY2017
121,3,01FEB2013
122,3,27MAY2014
122,3,15JUN2014
122,3,23SEP2014
122,3,29OCT2014
122,3,13JAN2015
122,3,27FEB2015
122,3,04MAR2016
122,3,08MAY2016
122,3,25JUL2016
122,3,14AUG2016
122,3,10SEP2016
122,3,16SEP2016
122,3,21OCT2016
122,3,04FEB2017
122,3,24FEB2017
122,3,31MAR2017
122,3,01APR2017
122,3,13MAY2017
123,2,07NOV2012
123,2,18DEC2012
123,2,01FEB2014
123,2,05APR2014
123,2,28APR2014
123,2,08JUL2014
123,2,29DEC2014
123,2,07AUG2015
123,2,25DEC2015
123,2,03MAR2017
124,2,05APR2013
125,2,30NOV2012
125,2,18DEC2012
125,2,31JAN2014
125,2,21MAR2015
125,2,16MAY2015
125,2,12JUL2016
125,2,04AUG2016
125,2,24AUG2016
125,2,20NOV2017
126,2,14MAY2013
126,2,03JUL2013
126,2,27JUN2014
126,2,12SEP2014
126,2,06DEC2014
126,2,18JAN2015
126,2,27OCT2015
126,2,03JAN2016
126,2,23JAN2016
126,2,24JAN2016
126,2,15FEB2016
127,2,24APR2013
127,2,13MAY2013
127,2,06MAY2014
127,2,30APR2015
128,2,04MAR2013
128,2,28MAR2013
128,2,22APR2013
128,2,13MAY2013
129,2,05APR2013
129,2,25APR2013
129,2,12JUL2014
129,2,15AUG2014
129,2,30SEP2014
129,2,13FEB2015
129,2,15MAR2015
129,2,26MAY2015
129,2,19JUN2015
129,2,01AUG2015
129,2,06SEP2015
130,2,07FEB2013
130,2,05APR2014
130,2,08JUL2014
130,2,06NOV2015
130,2,15DEC2015
130,2,09JAN2016
130,2,11FEB2017
130,2,13APR2017
130,2,24JUN2017
130,2,20NOV2017
131,2,30APR2013
131,2,22MAY2013
131,2,12JUL2014
131,2,26OCT2014
131,2,15NOV2014
131,2,11OCT2015
131,2,06NOV2015
131,2,27NOV2015
131,2,24DEC2015
132,2,01FEB2013
132,2,15JUL2015
132,2,15SEP2015
132,2,30OCT2015
132,2,13DEC2015
132,2,11FEB2017
132,2,24MAR2017
133,2,16APR2013
133,2,01JUL2014
133,2,20OCT2014
133,2,22NOV2015
133,2,15JAN2016
133,2,08FEB2016
133,2,21APR2017
133,2,30JUN2017
133,2,13NOV2017
133,2,05DEC2017
133,2,30DEC2017
134,3,10JUN2012
134,3,28JUL2012
134,3,12SEP2012
134,3,05OCT2013
134,3,05OCT2013
134,3,06OCT2013
134,3,12NOV2013
134,3,13NOV2013
134,3,18JAN2014
134,3,22JUL2015
134,3,22JUL2015
134,3,22JUL2015
134,3,22JUL2015
134,3,23JUL2015
134,3,25SEP2015
134,3,26SEP2015
136,2,07MAR2013
136,2,16APR2013
136,2,03JUN2013
136,2,27JUL2013
136,2,23SEP2013
136,2,29OCT2013
136,2,28NOV2013
136,2,13NOV2014
136,2,17JAN2015
136,2,23MAR2015
137,2,19JAN2013
137,2,28FEB2014
137,2,01APR2014
137,2,02APR2014
137,2,30MAR2015
137,2,25APR2015
137,2,24MAY2016
137,2,16JUL2016
137,2,10NOV2017
139,2,25APR2013
139,2,28APR2014
139,2,21MAY2014
140,2,16APR2013
140,2,18JUL2013
140,2,28SEP2013
140,2,08NOV2013
141,3,21JAN2014
141,3,29MAR2014
141,3,17JAN2015
142,3,03SEP2013
142,3,18AUG2014
142,3,01SEP2014
142,3,08NOV2014
142,3,09NOV2014
142,3,15JAN2015
142,3,04MAR2015
143,2,26FEB2013
143,2,19APR2013
143,2,14APR2014
143,2,06MAY2015
143,2,28MAY2015
143,2,24JUL2015
144,2,19APR2013
144,2,25APR2013
144,2,31MAY2013
144,2,18JUN2013
144,2,09JUL2013
144,2,09AUG2013
144,2,09FEB2014
144,2,17AUG2014
144,2,22DEC2014
144,2,12FEB2015
145,3,20SEP2013
146,3,10JUN2013
146,3,12MAY2014
146,3,17JUN2014
146,3,08JUN2015
146,3,28JUL2015
146,3,17NOV2016
146,3,24JAN2017
146,3,26JAN2017
146,3,03MAR2017
146,3,10MAY2017
147,3,13APR2013
147,3,18MAY2013
147,3,27MAY2014
147,3,05AUG2014
147,3,05AUG2015
147,3,14JUL2016
147,3,15JUN2017
148,3,25JUL2013
148,3,12DEC2014
150,2,25APR2013
150,2,31MAY2013
150,2,01OCT2013
150,2,08OCT2013
150,2,09OCT2014
150,2,31OCT2015
150,2,17DEC2016
151,2,14SEP2015
151,2,26OCT2015
151,2,18NOV2015
152,3,03SEP2013
152,3,18AUG2014
152,3,17AUG2015
152,3,15OCT2015
152,3,01DEC2016
152,3,07JAN2017
152,3,08JAN2017
152,3,17FEB2017
153,3,24APR2013
153,3,10APR2014
153,3,29APR2014
153,3,29APR2015
153,3,27JUN2015
153,3,05AUG2015
153,3,21OCT2015
153,3,20NOV2015
153,3,18JAN2016
153,3,16FEB2016
153,3,24MAR2016
154,3,23APR2013
154,3,09MAY2013
154,3,05JUN2013
154,3,26MAR2014
154,3,19APR2014
154,3,31MAY2014
154,3,20JUN2014
154,3,12JUL2014
154,3,13AUG2014
154,3,08SEP2014
154,3,20OCT2014
154,3,22OCT2014
154,3,20DEC2014
154,3,27JAN2015
154,3,05MAY2016
154,3,17JUN2016
155,3,03AUG2013
155,3,12OCT2013
155,3,16AUG2014
155,3,29SEP2014
155,3,17SEP2015
155,3,06OCT2015
155,3,13NOV2015
155,3,09FEB2016
156,3,07FEB2014
156,3,19MAR2014
156,3,24MAY2014
157,2,10JUN2013
157,2,24JUL2013
157,2,07AUG2014
157,2,01SEP2014
157,2,23SEP2014
157,2,14JAN2015
157,2,04SEP2015
157,2,20OCT2016
157,2,12NOV2016
157,2,18NOV2017
159,2,03JUN2013
159,2,18JUL2013
159,2,23SEP2013
159,2,30DEC2013
159,2,09FEB2014
159,2,15JUL2014
160,2,03SEP2013
160,2,04NOV2013
160,2,06NOV2013
162,3,20AUG2013
162,3,21SEP2013
162,3,20JAN2014
162,3,14MAR2014
162,3,18APR2014
163,3,31JUL2013
163,3,26JUL2014
163,3,05SEP2014
163,3,17OCT2014
163,3,02OCT2015
163,3,01NOV2015
163,3,04NOV2016
163,3,06MAR2017
164,3,08JUN2013
164,3,03AUG2013
164,3,15JUL2014
164,3,04AUG2014
164,3,01SEP2014
166,2,03SEP2013
166,2,29OCT2013
167,2,19SEP2013
167,2,18AUG2014
167,2,01OCT2014
167,2,06DEC2014
167,2,01JAN2015
167,2,13FEB2015
167,2,07MAR2015
167,2,29APR2015
167,2,27JUL2015
168,2,29OCT2013
168,2,18DEC2014
168,2,07JAN2015
169,2,25SEP2013
169,2,17NOV2014
169,2,07DEC2014
169,2,25JAN2015
169,2,27MAR2015
169,2,12APR2016
169,2,16JUL2016
169,2,09OCT2016
169,2,19DEC2016
169,2,21FEB2017
169,2,22APR2017
169,2,16MAY2017
170,2,13SEP2013
170,2,23DEC2014
170,2,30JAN2016
170,2,01APR2016
170,2,19APR2016
170,2,22MAY2017
171,3,12OCT2013
171,3,08SEP2014
171,3,29JUL2015
171,3,17SEP2015
171,3,23AUG2016
171,3,04OCT2016
171,3,21SEP2017
171,3,17NOV2017
171,3,30DEC2017
174,3,12OCT2013
174,3,20SEP2014
174,3,03OCT2014
174,3,17SEP2015
174,3,01NOV2015
174,3,09JUL2016
174,3,20AUG2016
174,3,27SEP2016
176,2,26NOV2013
176,2,21JAN2014
176,2,19APR2014
176,2,28MAY2014
178,2,04AUG2013
178,2,20NOV2014
178,2,16DEC2014
178,2,04FEB2015
178,2,26FEB2015
178,2,04MAR2016
178,2,06JUN2016
178,2,01JUN2017
179,2,23SEP2013
179,2,04NOV2013
179,2,23DEC2014
179,2,06DEC2015
179,2,14DEC2015
179,2,24DEC2016
179,2,09FEB2017
179,2,15APR2017
179,2,08MAY2017
179,2,27JUL2017
179,2,08SEP2017
180,2,05JUN2014
180,2,24FEB2015
180,2,07APR2015
180,2,16MAY2016
180,2,27JUL2017
180,2,02OCT2017
181,2,08NOV2013
181,2,11OCT2014
181,2,02NOV2014
181,2,21DEC2015
181,2,27FEB2016
181,2,21APR2017
181,2,30JUN2017
181,2,13NOV2017
181,2,05DEC2017
181,2,23DEC2017
182,3,12OCT2013
184,3,12OCT2013
184,3,12NOV2013
184,3,16JAN2014
184,3,09JAN2015
184,3,02MAR2015
184,3,22APR2015
184,3,20JUN2015
184,3,03JUN2016
184,3,05MAY2017
184,3,21JUL2017
185,3,12OCT2013
185,3,10MAR2014
185,3,15MAR2015
185,3,22APR2015
185,3,26JUN2015
185,3,31JUL2015
185,3,15JUL2016
185,3,20AUG2016
185,3,27SEP2016
186,3,12OCT2013
186,3,29OCT2013
186,3,21NOV2014
186,3,24NOV2014
186,3,05NOV2015
186,3,09FEB2016
186,3,12JAN2017
186,3,28FEB2017
186,3,30APR2017
186,3,09JUN2017
186,3,21JUN2017
186,3,22AUG2017
186,3,09SEP2017
186,3,26SEP2017
186,3,28SEP2017
186,3,24OCT2017
187,3,13JUL2017
187,3,31AUG2017
187,3,28SEP2017
187,3,07NOV2017
188,2,29OCT2013
188,2,05JUL2014
188,2,04OCT2015
188,2,16NOV2015
188,2,10JAN2016
188,2,30APR2017
188,2,30JUN2017
191,2,22DEC2013
191,2,08MAR2015
191,2,23MAY2015
191,2,16SEP2015
191,2,17NOV2016
192,1,23APR2014
192,1,20MAY2015
192,1,03MAY2016
192,1,02JUL2016
192,1,29JUL2016
194,3,12MAR2014
194,3,29MAY2014
194,3,28JUL2015
194,3,27OCT2015
194,3,01DEC2015
194,3,08JAN2017
194,3,29JAN2017
195,2,29OCT2013
195,2,13NOV2014
195,2,29OCT2015
195,2,19OCT2016
195,2,25FEB2017
195,2,22APR2017
195,2,10MAY2017
195,2,30JUN2017
195,2,24AUG2017
196,2,27SEP2015
196,2,29SEP2016
196,2,03NOV2017
196,2,30DEC2017
197,2,29OCT2013
197,2,10NOV2014
197,2,21DEC2015
197,2,16JAN2016
197,2,08FEB2016
197,2,27FEB2016
197,2,24FEB2017
197,2,22APR2017
198,2,22DEC2013
199,2,06DEC2013
199,2,15JUL2014
199,2,15SEP2015
199,2,11NOV2016
199,2,25FEB2017
199,2,15APR2017
200,2,21OCT2014
200,2,11APR2016
200,2,16JUL2016
200,2,07AUG2017
200,2,20NOV2017
202,3,03DEC2014
202,3,15JAN2015
202,3,23MAR2015
202,3,01MAY2015
202,3,19JUN2015
202,3,02JUN2016
202,3,09JUL2016
202,3,17JUN2017
202,3,28JUL2017
202,3,10SEP2017
202,3,31OCT2017
202,3,29DEC2017
203,3,14MAR2014
203,3,23FEB2015
203,3,04APR2015
203,3,06APR2015
203,3,03MAR2016
203,3,08FEB2017
204,3,13DEC2014
204,3,17JAN2015
205,3,21NOV2014
205,3,07OCT2015
205,3,08SEP2016
205,3,10NOV2016
205,3,30NOV2017
206,3,12OCT2013
207,3,12OCT2013
207,3,26NOV2013
207,3,21JAN2014
207,3,20DEC2014
207,3,12NOV2015
207,3,18JAN2016
207,3,14DEC2017
208,2,21MAY2014
208,2,05JUN2014
208,2,14JUN2016
208,2,29AUG2016
208,2,16DEC2016
208,2,21FEB2017
208,2,17MAR2017
209,2,26OCT2015
209,2,27OCT2015
209,2,08FEB2016
209,2,01APR2016
209,2,03APR2017
210,2,14NOV2015
211,3,17NOV2014
211,3,29DEC2014
211,3,29NOV2015
211,3,03NOV2016
211,3,27JAN2017
211,3,31JAN2017
211,3,16MAR2017
211,3,13MAY2017
212,3,17NOV2017
212,3,29DEC2017
215,2,21SEP2015
215,2,02DEC2015
215,2,05FEB2016
215,2,08MAR2016
215,2,17MAR2017
215,2,16MAY2017
215,2,27JUL2017
218,3,25AUG2017
218,3,31OCT2017
219,3,08APR2014
219,3,21MAR2015
219,3,04MAR2016
219,3,09APR2016
220,3,08DEC2014
220,3,15MAR2015
220,3,03MAR2016
221,3,29MAR2014
221,3,29MAR2015
221,3,30MAR2015
221,3,11JAN2016
221,3,14DEC2017
221,3,18DEC2017
223,2,08MAR2016
223,2,14APR2016
223,2,30MAY2017
224,2,01OCT2015
224,2,22OCT2016
224,2,19DEC2016
225,3,03FEB2014
225,3,24JAN2015
225,3,06MAR2015
225,3,20APR2015
225,3,23APR2015
225,3,18MAR2016
225,3,24FEB2017
226,3,10MAR2014
226,3,18APR2014
226,3,21JUL2014
226,3,06SEP2014
226,3,03DEC2014
226,3,17JAN2015
227,3,21MAR2014
227,3,12FEB2015
227,3,19MAR2015
227,3,10MAY2015
227,3,16MAY2015
227,3,05MAY2016
229,2,07MAR2016
229,2,24MAY2016
230,2,11MAY2016
230,2,15JUL2017
231,2,26APR2016
231,2,05JUN2016
231,2,21MAY2017
231,2,27JUL2017
231,2,14AUG2017
232,2,21JUL2017
232,2,04NOV2017
232,2,24NOV2017
234,3,14FEB2014
234,3,09MAR2014
234,3,11JAN2015
235,3,07FEB2014
235,3,05FEB2015
235,3,15JAN2016
235,3,01MAR2016
236,3,22JAN2014
236,3,20DEC2014
236,3,09FEB2015
236,3,23MAR2015
236,3,04MAR2016
236,3,09FEB2017
236,3,25MAR2017
236,3,30APR2017
236,3,21JUL2017
238,3,24MAR2017
238,3,06MAY2017
239,2,13DEC2014
239,2,07APR2015
239,2,07MAY2016
239,2,28NOV2016
240,2,20SEP2015
240,2,17NOV2016
240,2,27DEC2016
240,2,30DEC2016
241,2,05JUN2014
241,2,28JUN2015
241,2,13NOV2015
241,2,24JAN2016
241,2,30DEC2016
242,3,07APR2014
242,3,03APR2015
242,3,14MAY2015
242,3,23JUN2015
242,3,16JUL2015
242,3,28AUG2015
242,3,04AUG2016
242,3,13JUL2017
242,3,01SEP2017
242,3,12OCT2017
242,3,02NOV2017
242,3,20NOV2017
243,3,24MAY2014
243,3,23JUL2014
243,3,06SEP2014
243,3,25SEP2014
243,3,29NOV2014
244,3,15MAR2014
244,3,17MAY2014
244,3,09JUL2014
245,3,15MAR2014
245,3,27FEB2015
246,3,11FEB2014
246,3,19MAR2014
246,3,05JUN2014
246,3,29MAY2015
246,3,09JUL2015
246,3,21AUG2015
246,3,01NOV2015
246,3,04JAN2016
247,3,20MAY2014
247,3,16SEP2014
247,3,07SEP2015
247,3,12AUG2016
247,3,13JUL2017
247,3,24AUG2017
247,3,06OCT2017
248,3,07MAR2014
248,3,07MAR2015
248,3,15NOV2015
248,3,16NOV2015
248,3,17JAN2016
248,3,18FEB2016
248,3,08MAY2016
248,3,11MAY2016
248,3,12JUL2016
248,3,20AUG2016
248,3,22AUG2016
250,3,27SEP2014
250,3,01NOV2014
250,3,31MAR2015
250,3,28JUL2015
251,3,15MAR2014
251,3,15MAY2014
251,3,16SEP2014
251,3,29JUL2015
251,3,30SEP2015
251,3,10NOV2015
251,3,23SEP2016
251,3,10NOV2016
251,3,10MAR2017
251,3,06MAY2017
252,3,27MAR2014
252,3,17MAY2014
252,3,04AUG2015
253,2,23SEP2014
253,2,29NOV2015
253,2,20DEC2016
253,2,21DEC2016
253,2,18DEC2017
254,2,07APR2015
254,2,08MAR2016
254,2,22APR2016
254,2,28DEC2016
254,2,03MAR2017
256,2,30SEP2014
256,2,31DEC2015
256,2,09JAN2017
257,2,11SEP2014
257,2,18DEC2014
257,2,30JAN2016
257,2,01APR2016
257,2,29MAR2017
257,2,27APR2017
257,2,27JUL2017
257,2,23OCT2017
257,2,11DEC2017
258,2,08NOV2014
258,2,18JAN2016
258,2,08FEB2016
258,2,21JAN2017
258,2,14FEB2017
260,3,09DEC2017
260,3,10DEC2017
263,3,05JUN2014
263,3,10JUL2015
263,3,02JUN2016
263,3,04MAY2017
264,3,03FEB2015
264,3,31MAR2015
266,2,09OCT2014
266,2,23DEC2014
266,2,07APR2015
268,2,27MAY2015
268,2,09NOV2015
268,2,07NOV2016
268,2,15NOV2017
269,2,23DEC2014
269,2,02APR2015
269,2,21APR2015
269,2,07MAY2016
269,2,06AUG2016
269,2,24NOV2017
269,2,27NOV2017
270,2,16JUL2014
270,2,05SEP2015
270,2,27OCT2016
270,2,23FEB2017
270,2,22APR2017
271,3,05JUN2014
271,3,17JUN2015
271,3,08JUL2015
271,3,31JUL2015
271,3,23AUG2015
273,3,05JUN2014
273,3,29MAY2015
273,3,15JUL2015
273,3,28AUG2015
273,3,04AUG2016
273,3,27SEP2016
273,3,24AUG2017
273,3,13NOV2017
275,3,04MAY2014
275,3,18JUL2014
275,3,16SEP2014
275,3,02AUG2015
275,3,23AUG2015
275,3,03OCT2015
275,3,23OCT2015
275,3,23NOV2015
275,3,09JAN2016
275,3,02MAR2016
275,3,24MAR2016
275,3,25APR2016
275,3,09AUG2016
276,3,20JUN2014
276,3,10JUL2014
276,3,21OCT2014
276,3,04MAR2015
276,3,03OCT2015
276,3,04FEB2016
276,3,19MAR2016
276,3,04MAY2016
277,2,04NOV2014
277,2,23DEC2014
277,2,07APR2016
277,2,23APR2016
277,2,16MAY2017
278,2,23DEC2014
278,2,23MAR2016
279,3,06AUG2014
279,3,29OCT2014
279,3,08DEC2014
279,3,10DEC2014
279,3,04MAR2015
279,3,03MAR2016
279,3,08FEB2017
280,3,15MAY2014
280,3,23JUL2014
280,3,16SEP2014
280,3,03OCT2015
280,3,13NOV2015
281,3,24MAY2014
281,3,23SEP2014
281,3,02DEC2014
281,3,08DEC2014
282,3,04JUN2014
282,3,22JUN2015
282,3,31JUL2015
282,3,15JUL2016
283,3,24MAY2014
283,3,11SEP2014
284,3,16SEP2014
284,3,29OCT2014
284,3,08DEC2014
284,3,17JAN2015
284,3,07MAR2015
284,3,20APR2015
285,3,14NOV2014
285,3,17JAN2015
285,3,04JAN2016
285,3,06FEB2016
285,3,16MAR2016
286,2,07MAY2015
286,2,22NOV2015
286,2,24AUG2016
286,2,10NOV2017
286,2,03DEC2017
287,2,30APR2015
287,2,17OCT2015
288,2,26OCT2014
288,2,07APR2016
288,2,26APR2016
288,2,22MAY2017
292,3,09JUL2014
292,3,10JUL2014
296,3,16SEP2014
296,3,25SEP2015
296,3,27SEP2015
296,3,11AUG2016
296,3,27JUL2017
296,3,08SEP2017
297,3,24SEP2014
297,3,25SEP2015
297,3,26SEP2015
297,3,17NOV2015
297,3,10FEB2016
297,3,02MAR2016
297,3,09APR2016
297,3,05MAY2016
297,3,16JUN2016
298,3,23SEP2014
298,3,15NOV2015
298,3,10FEB2016
298,3,12JAN2017
298,3,17FEB2017
298,3,15APR2017
298,3,26MAY2017
299,3,27SEP2014
299,3,01NOV2014
299,3,15DEC2014
299,3,18MAY2015
299,3,05MAY2016
299,3,18JUN2016
299,3,14AUG2016
299,3,27JUL2017
299,3,04NOV2017
299,3,16DEC2017
301,3,10JUL2014
301,3,28FEB2015
301,3,23APR2015
301,3,17JUN2015
301,3,04AUG2015
301,3,24OCT2015
303,2,13DEC2014
303,2,02APR2015
303,2,22NOV2015
306,3,22MAR2013
306,3,24MAR2014
306,3,14APR2014
306,3,26FEB2015
306,3,21APR2015
306,3,08AUG2015
306,3,14JUL2016
306,3,20AUG2016
306,3,28JUL2017
306,3,09SEP2017
306,3,10DEC2017
307,3,24SEP2014
307,3,22AUG2015
307,3,21OCT2015
307,3,22SEP2016
307,3,24AUG2017
307,3,13SEP2017
308,3,16SEP2014
308,3,23OCT2014
308,3,13NOV2014
308,3,02DEC2014
308,3,08DEC2014
310,2,07JAN2015
310,2,10MAR2015
311,2,25FEB2015
311,2,28AUG2016
311,2,12AUG2017
311,2,20NOV2017
311,2,18DEC2017
313,2,05MAR2015
313,2,07MAR2016
313,2,12JUL2016
313,2,22AUG2016
314,2,14DEC2014
314,2,21DEC2015
314,2,22DEC2015
314,2,01MAY2017
315,2,09APR2015
315,2,07MAY2016
315,2,24JUN2017
315,2,04DEC2017
316,3,27OCT2014
316,3,30SEP2015
316,3,24OCT2015
316,3,23SEP2016
317,3,23OCT2014
317,3,12NOV2015
317,3,20OCT2016
317,3,25NOV2016
317,3,02FEB2017
318,3,16SEP2014
319,3,27OCT2014
319,3,06OCT2015
319,3,09JAN2016
320,3,10SEP2014
320,3,25SEP2014
320,3,15NOV2014
320,3,26JAN2015
320,3,31MAR2015
320,3,15MAY2015
322,3,27OCT2014
322,3,22JAN2015
322,3,15JAN2016
322,3,30NOV2017
323,2,24NOV2017
324,2,17JUL2015
324,2,01APR2016
324,2,12JUL2016
324,2,16SEP2016
326,2,08AUG2016
326,2,14SEP2016
326,2,26OCT2016
326,2,03NOV2017
327,2,04APR2015
327,2,21APR2015
327,2,24MAY2016
327,2,07JUL2016
327,2,13NOV2017
327,2,05DEC2017
328,3,15DEC2014
328,3,17NOV2015
328,3,17NOV2016
328,3,07DEC2016
328,3,31OCT2017
328,3,14DEC2017
331,3,17DEC2014
331,3,17JAN2015
331,3,09JAN2016
331,3,12FEB2016
331,3,13FEB2016
331,3,19MAR2016
331,3,17MAY2016
331,3,08JUN2016
331,3,18MAY2017
332,2,30DEC2015
332,2,12JUL2016
333,2,02FEB2016
333,2,12JUL2016
334,2,29MAR2016
334,2,29JUN2016
334,2,03MAR2017
335,2,06DEC2015
335,2,10DEC2016
335,2,22APR2017
335,2,24APR2017
336,1,03DEC2014
336,1,08JAN2015
336,1,23JAN2016
336,1,18FEB2016
336,1,09MAR2016
336,1,31MAR2016
336,1,09MAR2017
336,1,06MAY2017
336,1,28MAY2017
337,3,03NOV2016
337,3,13DEC2016
337,3,06FEB2017
338,3,09DEC2014
338,3,22JAN2015
338,3,09JAN2016
338,3,17NOV2016
338,3,08JAN2017
338,3,03MAR2017
339,3,27OCT2014
339,3,30SEP2015
339,3,20OCT2015
340,3,25DEC2014
340,3,04DEC2015
341,3,27OCT2014
341,3,30SEP2015
341,3,11OCT2016
341,3,11OCT2016
343,3,17DEC2014
343,3,18NOV2015
343,3,06FEB2016
344,3,14MAY2015
345,3,19JUN2015
345,3,02JUN2016
345,3,04MAY2017
345,3,10JUN2017
346,3,20APR2015
347,3,28JUL2015
347,3,14JUL2016
347,3,27AUG2016
347,3,07OCT2016
347,3,23NOV2016
347,3,05JAN2017
347,3,17FEB2017
348,3,15DEC2014
348,3,13JAN2015
348,3,14JAN2015
348,3,06FEB2016
348,3,12JAN2017
348,3,14DEC2017
350,3,18MAY2015
350,3,23AUG2015
350,3,04AUG2016
350,3,13JUL2017
351,2,28OCT2015
351,2,22JAN2016
351,2,11JAN2017
351,2,21MAR2017
351,2,25APR2017
351,2,24JUN2017
352,2,27JUL2015
352,2,02AUG2016
352,2,11NOV2016
352,2,31OCT2017
354,2,04JUL2015
354,2,04SEP2015
354,2,02NOV2015
354,2,11NOV2016
354,2,19APR2017
354,2,30JUN2017
355,2,25AUG2016
356,2,23NOV2015
356,2,25JAN2016
357,3,09JUL2015
357,3,05NOV2015
357,3,19JAN2016
357,3,10FEB2016
357,3,12FEB2016
358,3,14JUL2015
358,3,13JAN2016
358,3,11MAY2016
359,3,01MAY2015
359,3,20NOV2015
360,3,01MAY2015
360,3,29JUL2015
360,3,05NOV2015
360,3,13JAN2016
360,3,28MAY2016
361,3,14MAY2015
361,3,18MAY2015
361,3,05MAY2016
362,3,23APR2015
362,3,12JUN2015
362,3,02JUN2016
362,3,04MAY2017
362,3,10JUN2017
362,3,20JUL2017
363,3,15MAY2015
364,2,11NOV2015
366,3,23APR2015
366,3,18MAR2016
366,3,08APR2016
367,3,22OCT2015
367,3,24OCT2015
367,3,13NOV2015
367,3,13JAN2016
367,3,07APR2016
368,1,28MAR2016
368,1,16APR2016
368,1,26MAY2016
368,1,27MAY2016
369,2,30OCT2015
369,2,02FEB2016
369,2,19OCT2016
370,2,01APR2016
370,2,03APR2017
370,2,25APR2017
372,2,01APR2016
372,2,29AUG2016
372,2,31AUG2016
372,2,07SEP2017
372,2,27SEP2017
373,2,07NOV2016
374,2,10JAN2016
375,2,21DEC2015
375,2,03MAR2017
376,2,02FEB2016
376,2,21FEB2017
376,2,24FEB2017
376,2,04DEC2017
377,2,26AUG2015
377,2,04OCT2015
377,2,18OCT2015
377,2,25DEC2015
377,2,06JAN2016
377,2,28JAN2016
377,2,19APR2016
377,2,22MAY2017
377,2,20AUG2017
377,2,17OCT2017
378,3,29JUL2015
378,3,29AUG2015
378,3,04AUG2016
378,3,13JUL2017
378,3,24AUG2017
379,3,15MAY2015
379,3,05MAY2016
379,3,08JUN2016
379,3,11JUL2016
379,3,20AUG2016
379,3,26SEP2016
379,3,24AUG2017
379,3,05OCT2017
379,3,23NOV2017
380,3,06NOV2015
380,3,20JAN2016
380,3,07APR2016
380,3,23MAR2017
381,3,29JUL2015
381,3,24OCT2015
381,3,07NOV2015
381,3,20OCT2016
381,3,02DEC2016
381,3,07JAN2017
381,3,16FEB2017
382,3,22OCT2016
383,3,29JUL2015
383,3,23JUN2016
383,3,01JUN2017
383,3,08JUL2017
383,3,01AUG2017
383,3,09SEP2017
384,3,29JUL2015
384,3,23JUN2016
384,3,01JUN2017
385,2,13DEC2015
385,2,09JAN2017
385,2,25FEB2017
385,2,11APR2017
385,2,30JUN2017
386,2,13AUG2015
386,2,04SEP2016
386,2,28SEP2017
386,2,13NOV2017
386,2,30DEC2017
387,3,06NOV2015
387,3,13JAN2016
387,3,29MAR2016
387,3,08MAY2016
387,3,06APR2017
388,3,14JUL2015
389,3,13NOV2015
389,3,19FEB2016
389,3,07MAY2016
390,3,05NOV2015
391,3,19FEB2016
391,3,26JAN2017
391,3,10MAR2017
391,3,14MAY2017
391,3,27AUG2017
391,3,06OCT2017
392,3,29JUL2015
392,3,26JUN2016
392,3,24AUG2016
392,3,29OCT2016
393,3,20JAN2016
393,3,20FEB2016
393,3,07MAY2016
394,3,29JUL2015
394,3,13JAN2016
394,3,14JAN2016
394,3,20FEB2016
394,3,06APR2016
394,3,10MAY2016
394,3,18JUN2016
397,3,13NOV2015
397,3,21OCT2016
397,3,03DEC2016
397,3,17NOV2017
397,3,29DEC2017
397,3,29DEC2017
399,2,22DEC2015
399,2,29MAR2016
399,2,19APR2016
399,2,01JUN2016
400,2,21FEB2017
400,2,10APR2017
400,2,22MAY2017
402,2,03MAR2016
402,2,25MAR2017
402,2,26MAR2017
403,2,09DEC2017
404,2,22MAR2016
404,2,25AUG2016
404,2,23AUG2017
404,2,13NOV2017
405,3,25AUG2017
407,2,03JUN2016
407,2,25MAY2017
409,3,14NOV2016
409,3,31OCT2017
409,3,18DEC2017
410,3,09APR2016
410,3,13APR2017
410,3,25MAY2017
410,3,01JUL2017
410,3,22AUG2017
410,3,13SEP2017
410,3,14NOV2017
411,3,22JUN2017
411,3,25AUG2017
411,3,28OCT2017
411,3,22NOV2017
411,3,16DEC2017
412,3,09JAN2016
412,3,21JAN2017
412,3,16MAR2017
413,3,23FEB2016
413,3,08MAY2016
413,3,06APR2017
414,3,28MAR2016
414,3,10MAY2016
414,3,09JUL2016
414,3,19NOV2016
414,3,23NOV2016
414,3,05JAN2017
414,3,27JAN2017
415,2,17MAY2016
415,2,06JUN2016
415,2,07MAR2017
415,2,03APR2017
416,3,24JAN2017
416,3,31MAR2017
416,3,29MAY2017
416,3,21JUL2017
417,3,19FEB2016
417,3,08APR2016
417,3,25APR2016
418,3,21NOV2015
418,3,23FEB2016
418,3,31MAR2017
418,3,28APR2017
418,3,21JUL2017
418,3,05SEP2017
418,3,04NOV2017
420,2,21FEB2017
420,2,22MAY2017
420,2,24JUN2017
421,2,24JUN2016
421,2,24FEB2017
423,2,09AUG2016
423,2,31AUG2016
423,2,25OCT2017
423,2,04DEC2017
423,2,30DEC2017
424,2,21NOV2016
424,2,24FEB2017
425,3,09SEP2017
425,3,31OCT2017
425,3,04DEC2017
426,3,20JAN2016
426,3,27MAY2016
426,3,21APR2017
427,3,25MAY2016
427,3,05MAY2017
427,3,21JUL2017
428,3,14MAY2016
428,3,23APR2017
428,3,20JUN2017
429,3,07MAY2016
429,3,09AUG2016
429,3,28JUL2017
430,3,14MAY2016
430,3,20APR2017
430,3,11JUN2017
430,3,15JUL2017
431,3,07MAY2016
432,3,14JAN2016
432,3,19FEB2016
432,3,03JUN2016
432,3,12JUL2016
432,3,17SEP2016
432,3,12NOV2016
433,2,18FEB2017
434,2,29FEB2016
434,2,11OCT2016
434,2,29NOV2016
434,2,31JAN2017
434,2,25FEB2017
434,2,21MAR2017
435,2,24FEB2017
436,2,12SEP2016
437,1,26NOV2015
437,1,09DEC2015
437,1,06DEC2016
438,2,24FEB2017
440,3,09AUG2016
440,3,17SEP2016
441,3,07MAY2016
441,3,08JUN2016
441,3,12JUL2016
441,3,17SEP2016
441,3,11NOV2016
441,3,19OCT2017
441,3,30NOV2017
442,3,07MAY2016
442,3,14MAY2016
442,3,15MAY2017
442,3,13JUL2017
442,3,18DEC2017
443,3,13JAN2016
443,3,14MAY2016
443,3,19NOV2016
444,2,13DEC2016
444,2,24NOV2017
446,2,11DEC2016
446,2,12DEC2016
446,2,13DEC2017
447,2,03JAN2017
447,2,01FEB2017
448,3,18JUN2016
448,3,20AUG2016
448,3,27SEP2016
448,3,12NOV2016
448,3,12NOV2016
449,3,08APR2016
449,3,24MAY2016
449,3,05MAY2017
449,3,31AUG2017
449,3,04NOV2017
449,3,16DEC2017
450,3,28NOV2016
450,3,08JAN2017
450,3,28DEC2017
451,3,23NOV2016
451,3,02NOV2017
451,3,12DEC2017
452,3,12JUL2016
452,3,15JUN2017
453,2,07NOV2016
455,3,12JUL2016
455,3,15JUN2017
455,3,27JUL2017
455,3,09SEP2017
456,3,12JUL2016
456,3,16JUN2017
456,3,27JUL2017
456,3,10SEP2017
456,3,31OCT2017
456,3,22NOV2017
458,3,10MAR2017
458,3,28APR2017
458,3,09JUN2017
458,3,31AUG2017
458,3,28OCT2017
459,3,28NOV2016
461,3,12JUL2016
461,3,20AUG2016
461,3,27SEP2016
461,3,19NOV2016
461,3,19OCT2017
462,3,17AUG2016
462,3,27JUL2017
463,3,12NOV2016
463,3,08JAN2017
463,3,28DEC2017
464,3,24NOV2016
464,3,10FEB2017
464,3,01DEC2017
465,3,11JUL2016
465,3,12JUL2016
465,3,15JUN2017
465,3,27JUL2017
466,3,16NOV2016
466,3,17NOV2016
466,3,28NOV2016
466,3,17JAN2017
466,3,03APR2017
466,3,15MAY2017
467,3,23NOV2016
467,3,17JAN2017
467,3,03MAR2017
468,3,20AUG2016
468,3,09SEP2017
468,3,04NOV2017
470,2,20MAY2017
470,2,24JUN2017
471,2,02DEC2016
471,2,20NOV2017
472,3,06MAY2017
472,3,07JUL2017
472,3,30JUL2017
472,3,09SEP2017
473,3,12NOV2016
474,2,24FEB2017
474,2,16MAY2017
475,2,16MAY2017
475,2,24JUN2017
476,3,23NOV2016
476,3,17JAN2017
476,3,28DEC2017
478,3,08JAN2017
478,3,15FEB2017
478,3,12DEC2017
479,3,12NOV2016
479,3,19OCT2017
480,2,04JUL2017
481,2,03MAR2017
482,2,20FEB2017
482,2,06APR2017
482,2,24JUN2017
483,2,20FEB2017
483,2,15MAY2017
484,2,31MAY2017
484,2,12NOV2017
485,2,03MAY2017
485,2,24JUN2017
486,2,16JAN2017
486,2,04APR2017
487,3,27FEB2017
487,3,03MAR2017
488,3,28NOV2016
488,3,03MAR2017
488,3,23MAY2017
489,3,12NOV2016
489,3,22SEP2017
491,3,06MAR2017
491,3,25MAR2017
492,3,23NOV2016
492,3,05JAN2017
492,3,03APR2017
492,3,23MAY2017
492,3,28SEP2017
492,3,17OCT2017
494,2,17FEB2017
494,2,15MAY2017
495,2,22FEB2017
496,2,16MAY2017
496,2,06AUG2017
497,2,20MAY2017
498,2,09MAY2017
498,2,04JUL2017
499,3,28FEB2017
500,3,23MAY2017
500,3,14DEC2017
502,3,24FEB2017
502,3,22APR2017
502,3,31JUL2017
502,3,17NOV2017
503,3,01MAR2017
504,2,30APR2017
505,2,03MAY2017
505,2,04JUL2017
506,3,10JAN2017
506,3,16MAY2017
507,3,10JAN2017
507,3,27FEB2017
508,3,03MAR2017
508,3,15MAY2017
509,3,10JAN2017
510,3,10JAN2017
510,3,30JAN2017
511,3,14FEB2017
514,2,11MAY2017
515,2,02APR2017
517,3,24JAN2017
518,3,30JAN2017
518,3,20APR2017
520,3,24FEB2017
521,3,20APR2017
521,3,29APR2017
522,3,22APR2017
522,3,21JUL2017
522,3,01AUG2017
523,3,27JUL2017
524,3,21FEB2017
524,3,07JUL2017
525,3,16APR2017
527,3,25MAR2017
528,1,01DEC2017
529,3,21FEB2017
529,3,29MAR2017
530,3,25MAR2017
532,3,12APR2017
534,3,14DEC2017
535,3,25JAN2017
537,3,16MAY2017
539,2,03AUG2017
542,2,01OCT2017
543,2,07APR2017
543,2,11MAY2017
545,2,20MAY2017
545,2,04JUL2017
546,2,11MAY2017
546,2,17JUN2017
546,2,28JUN2017
546,2,12SEP2017
547,3,17OCT2017
548,1,28FEB2017
548,1,15APR2017
548,1,09MAY2017
550,3,21JUN2017
553,2,27SEP2017
554,2,06JUL2017
555,2,07SEP2017
556,2,01OCT2017
559,2,06OCT2017
562,2,29AUG2017
562,2,10OCT2017
565,2,28AUG2017
566,3,21JUN2017
569,3,27MAY2017
570,3,21MAY2017
571,3,07MAY2017
626,3,24JAN2017
626,3,28DEC2017
627,3,23JAN2017
634,3,26JAN2017
634,3,28DEC2017
647,3,01DEC2017
649,2,06MAY2017
649,2,26MAY2017
657,2,18MAR2017
659,2,03MAY2017
660,2,15MAY2017
681,2,02SEP2017
681,2,13NOV2017
