"CowId","herd","LACT_NO","END_DATE","START_DATE","DAY_305_MILK","LACT_DATE_YLD_MILK","DAY_305_FAT","LACT_DATE_YLD_FAT","DAY_305_PROT","LACT_DATE_YLD_PROT","CUMUL_MILK_VALUE","CUMUL_FEED_COST"
1,3,1,07MAR2013,10MAY2012,7552,7551.81,289,289.02,253,253.45,5310,1779
1,3,2,15MAR2014,20APR2013,9679,10273.54,353,378.78,311,332.49,7315,2365
1,3,3,14SEP2014,08JUN2014,,4236.68,,119.20,,121.06,2762,783
3,2,1,26JAN2013,10FEB2012,7040,7822.50,248,280.13,198,223.18,5079,1852
3,2,2,05DEC2013,06AUG2013,,3286.43,,110.92,,90.39,2076,784
4,3,1,15AUG2013,21JUL2012,7923,9583.67,286,357.95,255,316.91,6734,2361
4,3,2,08SEP2014,11OCT2013,10027,10687.34,373,407.36,302,325.75,7799,2398
4,3,3,08SEP2015,28SEP2014,7145,7805.27,307,336.80,267,292.76,6236,
5,3,1,13JAN2014,18JAN2013,7392,8356.27,306,351.91,246,282.58,6418,2147
5,3,2,01OCT2014,19MAR2014,,6016.35,,240.05,,190.38,4625,1376
8,2,1,20SEP2013,11OCT2012,6612,7208.54,201,223.66,197,218.61,5431,
8,2,2,05FEB2015,18DEC2013,7404,9023.40,274,352.06,230,290.09,6746,3142
8,2,3,22AUG2016,11SEP2015,9358,10035.95,347,375.75,269,292.19,6849,
8,2,4,05OCT2017,18NOV2016,7788,7937.46,233,238.70,223,228.19,4508,
9,3,1,15MAR2014,13MAY2013,9006,9025.23,313,314.07,304,305.03,6389,2117
9,3,2,11NOV2015,06APR2014,9294,17200.49,310,618.75,328,617.27,12550,3469
10,3,2,21FEB2015,21FEB2014,8741,9631.49,294,325.99,273,304.24,6753,2517
10,3,3,04JUN2016,22MAY2015,10351,11405.99,312,356.57,313,348.96,6813,2407
10,3,4,18JUL2017,05JUL2016,8182,9145.81,269,304.04,251,284.89,5756,2892
11,3,1,29MAY2013,01SEP2012,5394,5394.34,258,258.02,194,193.69,4369,1537
11,3,2,16APR2014,24AUG2013,,5076.65,,253.34,,182.46,4488,1636
12,3,1,24JAN2014,19MAR2013,7855,7956.98,357,362.39,268,271.67,6486,2082
12,3,2,25MAR2015,01MAR2014,9653,11478.93,412,500.76,337,406.74,9468,2847
12,3,3,14SEP2016,18MAY2015,9516,12675.93,431,596.14,319,447.17,10248,3190
12,3,4,30NOV2017,24OCT2016,10591,13134.43,458,593.73,371,476.05,10235,3400
13,3,1,27OCT2013,06NOV2012,6361,7314.69,286,331.08,227,261.75,5896,
13,3,2,28NOV2014,21DEC2013,6655,7369.88,287,323.33,239,266.95,6173,2196
13,3,3,21JAN2015,05JAN2015,,,,,,,0,134
14,2,1,15JAN2014,05MAR2013,8062,8341.21,316,327.57,253,263.15,5939,2155
14,2,2,18APR2015,12MAR2014,9493,11486.31,344,421.48,288,358.48,7886,2774
14,2,3,04JUL2016,12JUL2015,8791,9830.49,311,361.05,267,303.23,5748,2308
15,2,2,31MAR2014,10MAR2013,7358,8992.01,262,331.07,215,269.80,6238,2977
15,2,3,14SEP2015,10NOV2014,9618,9682.35,356,359.47,293,295.44,6500,1986
18,2,1,01FEB2014,26SEP2012,7800,11299.45,244,382.71,220,337.97,7337,3344
18,2,2,20JUL2015,18MAY2014,9154,11676.10,270,372.22,260,348.52,7867,2986
18,2,3,30MAR2017,03NOV2015,11126,15581.44,394,586.50,321,481.64,10428,
19,2,1,01AUG2013,14AUG2012,6508,7473.18,233,273.25,195,226.55,4989,1519
19,2,2,01AUG2014,18SEP2013,7946,8178.60,284,292.16,240,248.07,5722,2277
19,2,3,23OCT2015,17NOV2014,9590,10282.59,325,352.84,280,304.33,6557,
19,2,4,20JAN2017,28DEC2015,7329,8890.15,283,343.42,222,280.27,5883,
19,2,5,14AUG2017,29MAR2017,,2395.56,,80.88,,75.50,1390,
20,3,1,19AUG2013,09SEP2012,6959,7628.60,285,318.09,232,256.08,5689,1969
20,3,2,10DEC2014,25SEP2013,7659,10267.70,354,479.15,259,353.26,8723,
20,3,3,30MAR2016,19FEB2015,8030,9933.73,346,444.30,275,342.73,7666,2481
20,3,4,07SEP2016,04MAY2016,,3099.27,,135.04,,96.41,2296,920
21,3,1,01AUG2014,17AUG2013,7777,8964.53,290,335.41,254,295.33,6694,1875
22,3,1,05JUN2013,18DEC2012,,3786.67,,165.51,,114.17,2892,1062
23,2,1,10FEB2014,07OCT2012,5234,8583.19,203,360.84,169,306.76,6740,2637
23,2,2,09AUG2015,24AUG2014,7585,8393.98,294,335.03,252,286.23,6346,2356
23,2,4,09DEC2017,18FEB2017,7168,7167.87,273,273.42,222,221.52,5240,
24,2,2,25DEC2014,16MAR2014,9153,9152.57,312,312.37,295,294.97,6123,1833
25,2,1,21NOV2013,09SEP2012,6659,9171.92,273,399.48,204,297.91,6988,
25,2,2,27FEB2015,09JAN2014,8193,10067.69,341,437.18,282,360.35,8360,3170
25,2,3,21FEB2017,15OCT2015,10448,14635.78,412,613.45,325,492.67,10811,
28,2,1,21NOV2013,24JAN2013,6302,6302.27,252,251.64,190,189.77,4242,
28,2,2,15OCT2014,03FEB2014,8559,8558.80,311,311.09,260,260.40,6115,
28,2,4,10JUN2017,06JUL2016,10299,10958.71,406,439.59,330,353.43,7795,
29,2,1,16AUG2013,11SEP2012,7065,7739.16,264,293.30,204,224.85,5199,
29,2,2,10FEB2015,28DEC2013,8767,10794.70,364,465.19,285,362.58,8726,2637
33,3,1,24JAN2014,04APR2013,7489,7489.04,296,295.67,248,248.39,5564,1961
33,3,2,29MAY2015,11MAR2014,9229,11963.69,331,449.34,303,399.20,8958,2729
33,3,3,09NOV2015,08JUL2015,,3292.42,,100.44,,105.08,2333,766
34,3,1,04JAN2014,24OCT2012,8982,11955.03,336,455.05,274,370.96,8444,2931
34,3,2,09OCT2014,15MAR2014,,8514.71,,335.48,,242.03,6038,1690
35,3,1,13MAY2013,04JUL2012,5685,5778.84,245,249.45,194,197.69,4379,1732
35,3,2,03MAR2014,28JUL2013,,4616.73,,190.24,,148.36,3464,1279
36,2,1,27SEP2014,05SEP2013,8675,10355.95,315,381.61,268,328.54,7528,
37,2,1,07MAR2014,10APR2013,7551,7969.94,349,374.88,243,259.65,6397,2545
37,2,2,20SEP2015,12SEP2014,8888,10265.16,379,439.97,303,352.10,8056,2509
37,2,3,23FEB2017,09NOV2015,9666,12183.99,394,506.72,298,394.73,8764,
38,3,1,26APR2014,10MAY2013,8037,8908.08,292,332.19,250,284.86,6323,2268
38,3,2,25JUN2015,26JUN2014,10637,11440.86,378,413.96,329,362.05,7977,2502
38,3,3,01OCT2015,22AUG2015,,,,,,,0,295
39,3,1,20JUN2014,08AUG2013,7096,7308.94,305,315.23,248,256.19,5977,2210
39,3,2,10SEP2015,22AUG2014,9085,10775.58,391,475.42,300,365.59,8419,
40,3,1,01NOV2014,06FEB2013,7726,13689.32,269,518.22,245,458.01,10035,
40,3,3,16JAN2017,05FEB2016,10084,10741.71,347,378.95,311,337.53,7018,2310
41,3,1,19MAY2014,30MAR2013,8967,11506.34,319,422.21,287,372.67,7623,2677
41,3,2,11OCT2015,27JUN2014,10449,14621.60,302,469.98,335,478.05,9671,2816
41,3,3,08FEB2016,12OCT2015,,2555.18,,103.54,,93.29,1951,790
42,3,1,20MAR2014,19MAY2013,7958,7958.09,269,268.52,257,257.38,5821,2127
42,3,2,25MAR2015,20APR2014,8902,9395.06,293,310.65,277,294.79,6414,2337
42,3,3,15JUL2016,07JUL2015,7918,8802.73,245,279.92,247,279.60,5330,2299
44,2,1,05OCT2013,27NOV2012,5840,5975.75,248,254.51,194,198.68,4614,
44,2,2,15OCT2014,10JAN2014,8215,8214.56,339,339.15,277,277.08,6363,
45,2,1,01MAY2014,12JAN2013,6625,9512.71,249,382.77,212,322.12,7136,3388
45,2,2,19MAR2016,02OCT2014,9327,15036.42,368,624.31,307,533.52,11438,3440
46,2,1,28MAY2013,25FEB2013,,2320.72,,86.10,,66.01,1382,598
47,2,2,01DEC2014,17FEB2014,9955,9954.66,366,365.66,315,315.38,6936,
47,2,2,05FEB2015,17FEB2014,10231,11201.16,378,419.96,323,358.79,8473,2380
47,2,3,14JAN2016,15APR2015,7317,7316.73,284,283.60,221,221.48,4797,1931
47,2,4,13APR2017,29MAR2016,9926,11532.06,390,462.83,306,359.37,7864,
48,3,1,20MAY2014,27JUL2013,7874,7873.83,341,341.10,271,270.83,6351,2105
48,3,2,29MAY2015,23JUN2014,10847,11590.12,419,454.90,361,390.49,8696,2560
48,3,3,19MAY2016,02JUL2015,10225,10470.82,404,417.58,344,354.80,7324,2370
48,3,4,15JUN2017,24JUN2016,10715,11486.85,442,479.23,355,387.68,7809,3049
49,2,1,07MAR2014,10APR2013,6064,6500.44,271,294.45,197,214.28,5182,2551
49,2,2,16AUG2015,15SEP2014,7560,8140.34,324,353.21,247,268.29,6257,2315
49,2,3,29MAR2017,28OCT2015,8899,12532.34,374,549.86,267,412.82,9434,
52,3,1,05JUN2014,06AUG2013,8254,8253.55,336,336.10,258,258.43,6179,2317
52,3,2,07AUG2014,21JUL2014,,,,,,,,144
53,3,1,14JUN2014,20AUG2013,6252,6252.08,332,331.58,230,229.86,5902,2295
53,3,2,27JUN2015,22AUG2014,7837,7876.50,360,362.64,276,277.97,6451,2196
53,3,3,16MAY2017,18SEP2015,8430,15684.11,415,782.94,289,569.67,12881,4090
55,3,1,09APR2014,15JUN2013,7021,7021.39,295,294.63,238,237.76,5517,2005
55,3,2,12JAN2015,04JUN2014,,8143.48,,324.82,,262.61,6191,1647
56,3,1,15APR2014,08APR2013,7968,9373.87,329,396.41,263,316.90,7347,2298
56,3,2,09APR2015,18APR2014,6922,7760.57,271,312.44,247,281.00,5965,2162
56,3,3,06OCT2016,02AUG2015,8973,11860.21,387,519.91,303,411.00,9147,2756
56,3,4,01SEP2017,17NOV2016,8903,8902.87,375,374.58,297,296.92,6523,2530
56,3,5,27DEC2017,19OCT2017,,1511.50,,61.53,,54.43,1127,575
57,3,1,01AUG2014,26SEP2013,8793,8890.54,338,342.28,272,274.71,6524,2232
57,3,2,04MAY2015,19SEP2014,,7901.21,,248.07,,234.47,4932,1524
58,2,1,19MAY2014,18JUL2013,5846,5846.36,179,179.37,182,182.08,3920,1968
59,2,1,12FEB2014,08MAR2013,6154,6680.87,258,284.12,196,216.70,4929,2369
59,2,2,23APR2015,03MAY2014,9725,10834.15,363,411.99,296,334.97,7785,2599
59,2,3,01OCT2016,13SEP2015,9982,11893.40,359,443.46,285,350.05,7744,
60,2,1,31MAR2014,20MAR2013,8061,9288.71,250,294.80,233,275.92,5646,2607
60,2,2,10JUL2015,25JUN2014,9936,11253.01,254,301.36,296,344.94,6553,2662
60,2,3,02JAN2017,17OCT2015,11065,13457.93,300,373.23,313,394.59,7308,
60,2,4,23MAR2017,20MAR2017,,,,,,,,
62,3,1,09APR2013,21MAR2013,,,,,,,,145
64,3,1,30MAR2014,05APR2013,8487,9708.25,352,408.92,276,319.78,7469,2423
64,3,2,10AUG2015,16MAY2014,9072,11257.92,369,464.87,280,358.77,8347,2614
65,3,1,01AUG2014,26OCT2013,6543,6542.57,252,251.88,219,219.10,4981,1938
65,3,2,25AUG2015,06OCT2014,9166,9374.46,344,354.83,306,315.20,6779,2107
65,3,3,02AUG2016,14OCT2015,7175,7174.51,336,336.40,242,241.74,5939,1988
65,3,4,07AUG2017,05SEP2016,9161,9538.47,372,388.60,322,341.25,6954,2768
66,2,1,15JAN2014,21MAR2013,6364,6363.91,270,270.29,199,199.19,4822,2108
66,2,2,16FEB2015,06APR2014,7913,8105.77,301,310.16,244,250.45,5936,2186
66,2,3,03AUG2015,27APR2015,,2889.24,,97.47,,87.71,1414,636
68,2,1,15JAN2014,16MAR2013,8076,8076.33,310,310.40,248,248.08,5646,2113
68,2,2,18AUG2015,25MAR2014,8867,13021.31,350,532.78,274,426.69,9856,3432
68,2,3,01DEC2016,23OCT2015,10290,12382.15,416,508.04,303,379.66,8758,
69,2,1,07JUL2014,25APR2013,7150,9978.27,249,349.20,222,318.97,6973,3088
69,2,2,05NOV2015,07NOV2014,11281,12821.41,381,442.93,353,409.96,7807,
69,2,3,02FEB2016,06JAN2016,,830.53,,43.08,,25.15,688,180
70,2,1,22SEP2014,19SEP2013,7522,9071.48,276,338.96,234,288.84,6658,2513
70,2,2,20NOV2015,27NOV2014,9018,9996.33,346,390.88,281,317.94,7038,
70,2,3,13FEB2017,02JAN2016,9416,11044.92,389,442.00,285,345.21,7428,
71,2,1,28NOV2014,28NOV2013,7387,8612.81,269,328.53,239,288.91,6510,2430
71,2,2,06JUN2016,04JAN2015,9446,13812.22,362,557.03,320,491.10,10127,3344
72,3,1,31DEC2014,12NOV2013,9374,11613.99,404,506.32,301,383.58,9360,
72,3,2,02AUG2016,05MAR2015,9146,12705.71,416,593.79,296,424.41,9792,3315
73,3,1,20NOV2014,31OCT2013,7690,9311.73,325,397.18,254,314.83,7524,
73,3,2,02DEC2015,15JAN2015,8372,8537.04,327,335.24,280,288.46,6091,
73,3,3,28MAR2017,05JUN2016,9718,9718.38,365,365.01,319,318.78,6744,2461
74,3,1,03MAR2014,14OCT2013,,2470.97,,116.71,,82.00,2052,907
75,3,1,20JUN2014,20SEP2013,6866,6865.55,307,306.74,216,215.76,5486,2064
75,3,2,29DEC2014,01SEP2014,,4307.49,,206.49,,132.47,3567,1003
76,3,1,08SEP2014,05OCT2013,7120,7767.48,306,338.61,233,256.73,6301,2167
76,3,2,03JAN2016,31OCT2014,9234,11368.66,330,431.11,297,374.84,8041,2885
76,3,3,07DEC2016,06JUN2016,,4706.49,,207.23,,143.71,3521,1235
77,3,1,20JUL2015,08MAY2014,9981,13592.32,411,545.80,318,443.00,10229,2912
81,2,1,24DEC2014,24JAN2014,8265,8905.78,375,409.75,294,320.18,7731,
81,2,2,10JAN2016,03MAR2015,8560,8683.02,361,368.41,300,306.12,6682,2018
82,2,1,15OCT2014,22OCT2013,8615,9808.63,262,303.35,241,281.21,6414,2383
82,2,2,28OCT2015,20NOV2014,8863,9398.78,283,302.12,263,283.72,5912,
82,2,3,16OCT2016,15FEB2016,6854,6854.43,199,198.51,197,197.38,3493,
85,3,1,09SEP2014,28DEC2013,5785,5785.31,277,276.90,200,199.88,5006,1614
86,3,1,06AUG2014,07AUG2013,5447,6238.50,217,247.52,175,201.23,4774,2313
86,3,2,05OCT2015,10NOV2014,9575,10015.50,310,328.74,298,312.67,6502,2146
86,3,3,09SEP2016,11NOV2015,8708,8708.20,338,338.21,277,277.46,6055,2112
86,3,4,12AUG2017,23OCT2016,8330,8330.16,323,322.52,267,267.00,5751,2348
86,3,5,27OCT2017,10OCT2017,,,,,,,0,135
87,3,1,26NOV2014,03NOV2013,10015,12271.27,371,459.55,314,389.19,8913,2825
87,3,2,28JAN2015,13JAN2015,,,,,,,0,126
88,3,1,12JAN2015,01JAN2014,7009,8286.48,332,401.47,239,287.07,7156,2573
88,3,2,28SEP2015,29APR2015,,4494.41,,203.94,,135.65,3428,1080
89,3,1,07JUL2014,15SEP2013,6401,6400.61,289,288.61,222,221.59,5314,2106
89,3,2,29DEC2014,12SEP2014,,3399.24,,156.71,,99.63,2630,781
90,3,1,09MAR2015,18FEB2014,9737,11587.30,374,460.61,288,356.65,8641,2585
91,3,1,06APR2015,04JAN2014,8905,12419.71,370,528.24,284,409.61,9697,2823
92,3,1,24FEB2014,08FEB2014,,,,,,,0,141
93,3,1,23JUN2015,20MAR2014,9512,13232.87,339,480.37,294,417.73,9421,2979
93,3,2,23MAY2016,29JUL2015,9789,9789.20,374,373.75,306,305.61,6628,2128
93,3,3,20FEB2017,29JUN2016,,9045.61,,352.72,,284.68,6326,2062
94,2,1,14JAN2015,12NOV2013,7154,9550.22,296,401.54,224,313.41,7504,2802
94,2,3,09MAR2017,21APR2016,9230,9491.62,367,379.48,289,299.41,6534,
94,2,4,29MAY2017,17APR2017,,585.28,,28.82,,19.80,460,
95,2,1,07JUL2014,02AUG2013,7239,8036.64,288,325.49,241,270.89,6215,2423
95,2,2,25APR2016,25OCT2014,10082,15117.12,385,632.41,328,529.06,11500,3830
95,2,3,19NOV2017,11SEP2016,10393,13379.71,425,560.24,335,444.51,9754,
96,2,1,09AUG2015,22JAN2014,7086,11676.99,317,525.65,245,439.49,9998,3855
96,2,2,20FEB2017,20NOV2015,9788,13109.09,384,542.18,307,450.49,9730,
97,2,1,21APR2014,03OCT2013,,4773.45,,183.20,,149.09,3434,1292
98,2,1,01AUG2014,29SEP2013,7541,7563.89,276,277.36,238,239.26,5468,2161
98,2,2,18SEP2015,27OCT2014,8535,8985.71,326,343.68,274,291.29,6316,2237
98,2,3,04APR2017,21NOV2015,9344,13092.70,326,507.96,283,446.33,8924,
99,3,1,22OCT2014,28DEC2013,8157,8156.67,343,343.14,265,265.43,6465,2161
99,3,2,08OCT2015,09DEC2014,10526,10525.63,416,415.95,323,322.88,7411,2240
99,3,3,09DEC2016,15NOV2015,9358,11393.13,381,489.96,307,390.04,8651,
100,3,1,11AUG2014,28JUL2014,,,,,,,,120
101,3,1,17JUL2015,30OCT2013,7284,14015.67,250,507.32,229,458.02,10030,3113
101,3,2,09MAR2016,18JUL2015,4234,4233.72,168,168.40,150,149.95,3035,1316
101,3,3,24MAY2016,10MAR2016,,1148.61,,46.80,,41.05,828,516
102,3,1,01SEP2014,09NOV2013,7490,7490.37,289,288.67,227,227.24,5505,1844
103,3,1,05JAN2015,06OCT2014,,3112.23,,126.28,,87.17,2225,665
104,3,1,09JUL2015,15JUL2014,7460,8431.96,338,387.69,265,304.59,6973,2146
106,2,2,04JUN2017,06MAR2016,8320,11390.93,286,398.10,269,378.82,7462,
107,3,1,16MAY2014,08MAY2014,,,,,,,,
108,3,1,27JAN2015,12MAR2014,8133,8400.07,320,332.45,275,285.34,6495,2306
108,3,2,23FEB2016,28APR2015,6872,6871.57,269,269.15,242,241.77,4856,1919
109,3,1,07OCT2015,03NOV2013,7400,17386.14,326,782.86,248,604.21,14209,4412
109,3,2,18NOV2016,09NOV2015,9890,11223.46,442,509.08,322,372.86,8277,
110,2,1,19NOV2014,03DEC2013,7184,7969.15,259,290.29,224,252.02,5762,
110,2,2,10JAN2016,12FEB2015,9832,10356.80,326,344.64,304,322.08,6507,2141
111,2,1,15AUG2014,05OCT2013,7464,7605.41,277,282.73,231,235.46,5606,
111,2,2,14JAN2016,20JAN2015,10900,12280.28,364,419.70,346,393.25,7913,2681
111,2,3,22AUG2016,29JUN2016,,,,,,,871,
112,2,1,28NOV2014,04NOV2013,9231,11361.42,324,408.33,280,359.03,8193,2593
112,2,2,14JAN2016,08JAN2015,9305,10879.07,352,417.42,294,349.18,7208,2734
112,2,3,09MAY2017,18JUN2016,11092,11631.09,401,425.06,336,355.91,7646,
113,2,1,15AUG2014,27AUG2013,6857,8057.12,237,277.99,206,243.78,5557,2546
113,2,2,10JAN2016,18DEC2014,9276,10859.44,298,363.46,277,329.92,6899,2501
114,2,1,15AUG2014,19OCT2013,6169,6168.58,237,236.80,192,192.15,4557,2161
114,2,2,22DEC2014,28NOV2014,,,,,,,0,161
115,1,1,03JUL2014,28AUG2013,6394,6453.77,276,278.92,202,204.38,4988,1919
115,1,2,18JUN2015,18AUG2014,7604,7604.09,315,314.51,237,236.74,5666,1899
115,1,3,18SEP2016,16AUG2015,8312,10177.35,337,430.55,243,313.78,7283,
115,1,4,19APR2017,16DEC2016,,3639.95,,137.13,,93.79,2732,946
116,3,1,31DEC2014,22FEB2014,7800,7964.26,301,307.56,245,250.34,5830,
117,3,1,07MAY2015,11AUG2014,7484,7484.00,306,306.49,243,243.14,5597,
118,3,1,30APR2014,07FEB2014,,2184.17,,93.82,,65.75,1724,692
119,3,1,28MAY2014,11JAN2014,,4119.70,,160.90,,128.98,2727,1039
120,3,1,16JUL2015,24MAR2014,12055,17134.14,398,605.23,365,533.10,11930,3666
120,3,2,23SEP2016,31OCT2015,9758,10174.64,412,430.15,318,332.85,7445,2456
120,3,3,28OCT2017,20NOV2016,10424,10889.34,393,412.47,336,354.01,8058,3168
121,3,1,06JAN2014,11NOV2013,,1637.34,,70.27,,43.06,1234,448
122,3,1,07OCT2015,10FEB2014,7925,15087.98,295,570.75,237,467.89,10695,
122,3,2,18OCT2017,14DEC2015,9827,20091.09,375,785.15,294,636.74,13945,4509
123,2,1,16APR2015,22SEP2013,7909,13773.92,271,478.89,239,432.68,9599,4047
123,2,2,12AUG2016,02OCT2015,9156,9322.12,296,302.58,268,273.21,5060,
123,2,3,25AUG2017,04OCT2016,7999,8281.94,267,277.59,243,253.31,4647,
124,2,1,06FEB2014,06JAN2014,,774.42,,36.88,,22.22,607,205
125,2,1,01AUG2014,20SEP2013,7405,7592.68,271,277.99,220,225.79,5378,2239
125,2,2,03DEC2015,05NOV2014,8403,10150.95,302,376.30,274,340.08,7128,
125,2,3,13MAR2017,20FEB2016,8345,9855.24,338,404.68,258,313.48,6790,
126,2,1,14MAR2015,01APR2014,6426,7003.65,268,296.64,198,219.33,5583,2431
126,2,2,25JUL2016,13JUN2015,7843,9450.86,299,370.56,238,292.56,6467,
126,2,3,06NOV2017,19NOV2016,7297,8209.33,277,319.56,243,276.85,5727,
127,2,1,04JAN2015,10FEB2014,9013,9665.35,314,339.99,287,309.02,6894,2192
127,2,2,01JUL2015,10FEB2015,,2558.06,,95.45,,103.48,1958,913
129,2,1,26OCT2015,20JAN2014,8492,16165.74,347,701.40,263,559.70,12732,4148
130,2,1,06JAN2015,13NOV2013,7949,10143.22,294,408.27,260,356.42,8082,2922
130,2,2,20JUN2016,19APR2015,8408,10493.93,313,427.56,291,376.67,7778,
131,2,1,10APR2015,26FEB2014,7439,9375.91,301,392.82,246,319.36,7445,2920
131,2,2,12AUG2016,22AUG2015,8635,9431.34,340,380.28,272,299.84,6476,2295
132,2,1,04JAN2015,09NOV2013,9152,11694.53,340,456.39,295,402.21,9089,2846
132,2,2,01JUN2016,07MAR2015,10714,13080.57,378,478.43,375,476.82,9178,3153
132,2,3,06NOV2017,21SEP2016,11118,13555.90,412,508.26,375,476.40,9519,
133,2,1,27FEB2015,18JAN2014,8250,10289.42,340,432.94,264,340.10,8094,2940
133,2,2,18SEP2016,29JUL2015,11085,13815.10,403,521.23,339,442.70,9195,
134,3,1,06SEP2014,27JUN2013,8833,11665.58,327,455.10,292,397.88,8968,2930
134,3,2,12APR2016,24OCT2014,9894,14660.34,335,560.51,317,509.85,10566,3278
134,3,3,04JUL2016,04JUN2016,,,,,,,0,247
136,2,1,03AUG2015,03SEP2014,7558,8165.00,319,351.26,236,258.77,6106,
136,2,2,06MAR2016,30DEC2015,,1644.77,,75.80,,45.10,1189,437
137,2,1,15OCT2014,21OCT2013,6779,8166.03,286,351.54,226,283.06,6739,2482
137,2,2,01DEC2015,01JAN2015,10098,10738.87,435,471.98,341,368.94,8229,
137,2,3,23FEB2017,23JAN2016,11487,13605.32,472,588.03,371,465.29,10239,
139,2,1,30AUG2014,27JAN2014,,5832.13,,214.66,,181.34,3915,1390
140,2,1,01DEC2014,15AUG2014,,3724.38,,148.26,,112.06,2749,701
141,3,1,09MAR2015,23OCT2014,,3149.08,,133.50,,98.88,2429,930
142,3,1,29JUL2015,04JUN2014,8541,10701.24,347,439.95,279,354.10,8150,2470
143,2,1,27DEC2014,24JAN2014,7911,8568.10,266,291.51,241,264.59,5968,2209
143,2,2,18SEP2015,14JAN2015,5809,5809.00,202,201.78,192,192.36,3616,
144,2,1,06APR2015,13MAY2014,6976,7300.03,297,312.81,234,247.28,5749,2631
144,2,2,10JAN2016,28NOV2015,,,,,,,555,283
146,3,1,31JAN2015,11MAR2014,8248,8745.13,309,329.37,246,264.35,6239,2184
146,3,2,30JUL2016,22MAR2015,10278,13420.11,387,517.92,314,425.46,9293,3158
146,3,3,13NOV2017,20SEP2016,9281,11358.34,347,436.92,284,363.89,7666,3234
147,3,1,07MAR2015,22FEB2014,8010,9524.10,271,324.58,264,318.70,6749,2465
147,3,2,14OCT2015,15MAY2015,5987,5986.65,158,158.16,185,184.72,3226,
147,3,3,08MAR2017,14MAY2016,9693,9692.87,328,328.47,328,327.75,6475,2374
147,3,4,07AUG2017,16APR2017,,3314.31,,106.69,,104.07,1704,888
148,3,1,10JAN2015,04MAY2014,6335,6334.52,204,203.85,193,193.33,4118,1550
150,2,1,18MAY2015,11JUL2014,8174,8300.44,319,325.25,289,294.08,6504,2135
150,2,2,24JUN2016,18JUL2015,8464,9140.61,344,376.16,293,319.23,6712,2307
150,2,3,28JUL2017,12AUG2016,9811,10783.94,419,470.12,355,394.63,8344,
152,3,1,28MAR2015,08JUN2014,5947,5947.22,247,246.82,208,208.14,4799,1807
152,3,2,09AUG2016,25MAY2015,8406,10609.12,348,453.19,278,360.76,7857,2687
152,3,3,27SEP2017,25SEP2016,8965,9815.59,378,419.68,303,336.62,7076,2838
153,3,1,28DEC2014,29JAN2014,6939,7466.70,336,368.37,228,247.66,6424,
153,3,2,04MAY2016,09FEB2015,8488,10946.23,423,562.17,284,384.32,9210,2708
154,3,1,27JUN2015,03FEB2014,7938,11876.01,342,530.49,271,417.10,9738,3373
154,3,2,14DEC2016,04NOV2015,6006,7456.65,280,354.99,196,256.77,5836,2336
155,3,1,25MAR2015,11JUN2014,7175,7174.74,304,304.21,239,238.78,5480,2062
155,3,2,17SEP2016,06JUL2015,9571,12250.10,394,536.75,307,409.03,9223,2960
155,3,3,15FEB2017,22NOV2016,,3005.31,,147.86,,85.03,2424,761
156,3,1,26AUG2015,03MAR2015,,3358.24,,127.48,,111.65,2308,1076
157,2,1,03APR2015,24APR2014,7776,8635.78,229,260.31,235,263.88,5405,2393
157,2,2,31MAR2016,24JUN2015,8857,8856.86,287,287.43,262,261.64,5082,1974
157,2,3,11MAY2017,15JUN2016,11149,11614.95,401,420.52,338,354.55,7031,
159,2,1,25APR2015,22APR2015,,,,,,,,26
160,2,1,20NOV2014,15AUG2014,,,,,,,642,630
163,3,1,23JUN2015,10MAY2014,8617,10648.95,302,377.39,286,361.02,7372,2417
163,3,2,20JUL2016,27JUL2015,8615,9447.69,322,356.22,289,324.57,6696,2347
163,3,3,16OCT2017,08SEP2016,8925,10261.76,333,388.12,298,353.83,7111,2917
164,3,1,11NOV2014,09MAY2014,,5016.56,,159.02,,156.00,3197,1313
166,2,1,30AUG2014,04AUG2014,,,,,,,0,174
167,2,1,14SEP2015,29JUN2014,7618,11180.04,283,416.94,241,362.28,7998,2849
168,2,1,16MAR2015,31JUL2014,,4843.58,,141.94,,159.86,3057,1473
169,2,1,20NOV2015,01JUL2014,9190,13585.45,291,442.79,298,466.13,8867,
169,2,2,24NOV2017,29DEC2015,9645,17748.89,352,652.04,307,626.79,12268,
170,2,1,12SEP2015,13JUN2014,9016,12658.53,297,433.70,274,404.14,8510,2977
170,2,2,11OCT2016,02OCT2015,7304,8446.71,271,316.88,238,283.33,5700,
170,2,3,31DEC2017,22JAN2017,11737,12554.55,402,437.79,347,382.72,6969,
171,3,1,07MAY2015,12JUL2014,10381,10381.26,401,401.05,311,310.50,7372,2258
171,3,2,17MAY2016,16JUN2015,10523,11379.45,409,444.33,325,353.65,7733,2488
171,3,3,29MAY2017,21JUN2016,11007,11829.23,414,453.82,353,382.98,8255,2805
174,3,1,25MAR2015,09JUL2014,6893,6892.87,295,294.68,229,228.90,5372,2002
174,3,2,14JUN2016,17JUL2015,8946,9502.57,405,433.44,306,328.66,7369,2226
174,3,3,14DEC2016,15JUN2016,,3523.17,,175.79,,136.98,3042,1250
176,2,1,16MAR2015,02MAR2015,,,,,,,,96
178,2,1,25AUG2015,06MAY2014,8127,11576.96,300,453.56,255,385.35,8545,3285
179,2,1,01AUG2015,13AUG2014,7412,8238.28,292,331.67,252,287.40,6305,2399
179,2,2,09AUG2016,29SEP2015,8402,8587.10,339,348.35,288,295.42,6331,2113
179,2,3,05OCT2017,18SEP2016,6656,7550.09,265,300.04,239,275.36,5524,
180,2,1,02NOV2015,07JAN2015,6122,6121.62,256,255.54,192,192.13,4412,
181,2,1,01JUN2015,02AUG2014,6378,6378.23,222,222.49,212,211.80,4584,2104
181,2,2,12SEP2016,10AUG2015,9065,10683.66,284,348.95,268,332.74,6225,
182,3,1,13JUL2015,25JUL2014,8354,9430.69,284,328.79,266,302.55,6665,1992
184,3,2,08JAN2017,30MAR2016,8504,8503.91,342,342.49,280,280.03,6088,2207
185,3,1,07MAR2016,18DEC2014,9200,12053.78,361,495.20,290,398.50,8827,2915
185,3,2,16MAY2017,05MAY2016,11010,12408.28,455,526.54,358,417.10,9276,3052
185,3,3,10AUG2017,02JUL2017,,,,,,,0,322
186,3,1,28JUL2015,07AUG2014,7799,8884.68,265,311.89,255,294.72,6190,2379
186,3,2,01OCT2016,03SEP2015,8319,10339.51,344,436.03,271,345.27,7680,2471
187,3,2,12MAR2017,08FEB2016,10493,12588.78,423,523.74,364,451.07,9227,2998
188,2,1,20JUN2016,06APR2015,6728,9128.84,276,382.57,197,277.10,6449,
188,2,2,28NOV2017,16OCT2016,9945,11686.49,346,414.17,287,351.37,7853,
191,2,2,19SEP2017,20JUN2016,9103,12464.54,347,513.54,295,427.10,8602,
192,1,1,30NOV2014,16FEB2014,7022,7021.77,305,304.68,236,235.84,5706,
192,1,3,07SEP2016,18FEB2016,,4676.39,,178.05,,153.31,3151,1247
194,3,1,16AUG2016,07MAR2015,9914,15604.05,406,674.02,327,539.34,11743,3535
194,3,2,27SEP2017,24SEP2016,10951,12350.47,449,518.75,364,419.81,9103,3103
195,2,1,21JUN2015,02AUG2014,9036,9559.06,315,333.23,281,298.33,6531,2203
195,2,2,29MAY2016,17AUG2015,11666,11665.96,375,375.12,335,334.86,6977,1964
196,2,1,16FEB2016,03MAR2015,7071,7918.15,339,387.19,234,268.02,6418,2547
196,2,2,28APR2017,30JUN2016,8670,8669.57,341,341.30,290,290.39,5967,
197,2,1,18JUN2015,30JUL2014,7462,7725.73,308,320.34,250,260.27,5955,2191
197,2,2,02AUG2016,09AUG2015,7802,8894.01,321,373.27,261,300.88,6216,
197,2,3,28NOV2017,23NOV2016,9471,10202.33,389,415.41,283,315.31,7888,
198,2,1,30AUG2014,22AUG2014,,,,,,,,58
199,2,1,25APR2016,19APR2015,7587,9049.94,324,395.89,240,289.28,6344,2514
199,2,2,25OCT2017,19JUN2016,9551,13098.14,354,520.58,303,437.07,9194,
200,2,1,25JAN2017,04AUG2015,10079,16057.79,386,621.39,317,548.84,10929,
202,3,1,06FEB2016,19SEP2014,9676,14089.81,323,539.77,294,454.69,9909,3185
202,3,2,18FEB2017,22MAR2016,10538,11172.45,405,437.58,336,360.86,7829,2657
203,3,1,30NOV2015,20DEC2014,8339,9026.04,388,424.96,264,290.61,7531,
203,3,2,26OCT2016,08JAN2016,8854,8853.56,400,399.91,299,299.22,6229,2196
203,3,3,10OCT2017,13DEC2016,8318,8318.17,381,381.28,282,282.03,6482,2370
204,3,1,17SEP2015,14OCT2014,10282,10966.62,406,438.42,338,364.90,8176,2503
204,3,2,03JAN2016,29OCT2015,,2236.00,,93.25,,69.05,1642,516
205,3,1,15JUL2015,20SEP2014,8870,8869.92,324,324.33,308,308.17,6440,2036
205,3,2,31MAY2016,22AUG2015,8126,8125.73,322,321.80,278,278.36,5820,2047
205,3,3,15JUN2017,08JUL2016,8664,9163.59,357,377.78,293,313.79,6776,2906
206,3,1,04AUG2014,13JUL2014,,,,,,,,184
207,3,1,03AUG2015,28OCT2014,8073,8072.69,387,387.31,277,277.20,6747,2082
207,3,2,14SEP2016,21SEP2015,8779,9502.44,416,457.37,318,352.14,7882,2590
207,3,3,02AUG2017,23OCT2016,8112,8112.37,369,369.00,275,274.95,6275,2404
208,2,2,12AUG2017,17MAR2016,9881,14591.72,326,519.70,312,486.55,9706,
209,2,1,05NOV2015,27DEC2014,7409,7583.77,302,309.43,226,232.39,5400,2076
209,2,2,10NOV2016,04DEC2015,6875,7525.24,308,338.04,228,253.91,5748,
209,2,3,17NOV2017,23DEC2016,6974,7232.57,294,302.56,214,223.28,5218,
210,2,1,25NOV2015,28NOV2014,7828,9051.14,347,406.71,271,321.68,7189,2334
211,3,1,26MAY2015,14SEP2014,8036,8035.55,301,301.48,255,255.33,5671,2048
211,3,2,25JUL2016,04OCT2015,7453,7453.33,333,333.39,266,266.48,5789,2034
211,3,3,21JUN2017,08SEP2016,6848,6847.74,257,257.42,239,238.86,4679,2060
212,3,3,07JUL2017,24SEP2016,8289,8288.83,337,337.26,262,261.86,5659,
213,2,1,10OCT2016,01JUL2015,7929,10295.02,295,394.29,262,353.74,7149,
215,2,1,01JUL2016,14FEB2015,7852,11297.07,295,445.50,228,335.59,7659,
216,2,1,07DEC2014,01DEC2014,,,,,,,,45
217,2,1,06JUN2016,14MAR2015,8829,11302.31,357,466.05,289,376.74,8424,
217,2,2,07SEP2017,08OCT2016,9641,10066.62,369,388.61,313,330.64,6984,
218,3,3,11MAY2017,07JUL2016,11762,11826.93,431,433.81,373,375.34,8056,2529
219,3,1,03NOV2015,07JAN2015,8774,8774.21,384,384.49,309,309.43,6824,
219,3,2,01DEC2016,24DEC2015,8256,8891.14,367,400.16,302,328.01,7089,
219,3,3,03MAY2017,10JAN2017,,3960.40,,179.81,,136.39,3025,945
220,3,1,11NOV2015,17SEP2014,9270,11986.88,324,432.72,300,398.42,8318,
220,3,2,29OCT2016,18DEC2015,10383,10654.63,388,398.71,336,345.65,7306,2375
221,3,1,24OCT2015,05JAN2015,8028,8028.10,341,341.31,265,264.81,5969,1807
221,3,2,09SEP2016,26OCT2015,7273,7518.75,345,357.20,263,272.01,6221,2076
221,3,3,16AUG2017,23OCT2016,9200,9199.71,406,406.45,310,310.17,6980,2549
223,2,1,16NOV2016,11NOV2015,7536,8662.70,298,339.49,233,278.06,5586,
223,2,2,18DEC2017,18JAN2017,9586,9975.35,314,330.82,305,323.56,6220,
224,2,1,14JAN2016,18FEB2015,8834,9566.75,338,371.24,291,318.87,6471,2498
224,2,2,29JUN2017,01JUL2016,8473,9610.84,315,364.26,300,347.78,6646,
225,3,2,18NOV2016,17JAN2016,8734,8762.31,359,359.77,295,296.19,6354,
225,3,3,16OCT2017,13DEC2016,9628,9669.81,399,401.16,308,309.23,6610,2453
225,3,4,22NOV2017,19NOV2017,,,,,,,,34
226,3,1,05DEC2015,23OCT2015,,960.50,,55.52,,26.58,836,314
227,3,1,08FEB2016,17DEC2014,8564,11001.85,319,430.20,265,349.14,7823,2505
227,3,2,11MAY2016,13FEB2016,,1966.82,,88.70,,75.34,1249,648
229,2,1,15JUL2016,26JUL2015,7167,7977.39,323,361.40,229,260.12,6096,
231,2,1,16JAN2017,26DEC2015,6832,8636.79,290,372.09,205,276.45,6420,
232,2,1,15JUN2016,21APR2015,8385,10197.92,280,350.56,261,323.45,6509,
234,3,1,12SEP2015,20NOV2014,8887,8887.39,347,346.82,277,277.13,6399,2046
235,3,1,12SEP2015,13NOV2014,8891,8890.65,313,312.57,272,272.28,6062,2118
235,3,2,26OCT2016,09NOV2015,9768,10922.48,339,382.73,308,347.35,6533,2317
236,3,1,11NOV2015,26OCT2014,9082,11043.64,348,438.10,276,344.97,7806,
236,3,2,29OCT2016,27DEC2015,9217,9267.36,411,413.99,293,295.09,6983,2160
236,3,3,22NOV2017,06DEC2016,10098,11189.52,458,514.93,332,371.75,8584,2716
238,3,3,10DEC2017,26NOV2016,9637,11370.65,419,494.44,320,385.16,8602,2636
239,2,1,17JUN2017,06JAN2016,9068,14252.31,363,573.50,284,462.44,9729,
240,2,1,14JAN2016,02JAN2015,8116,9667.79,340,422.71,282,342.02,7346,2788
240,2,2,30JUL2017,25JUN2016,9768,11777.15,406,515.84,345,422.92,8307,
241,2,1,15JUL2016,16MAR2015,8196,11263.35,335,494.61,265,382.67,9027,3228
241,2,2,17JUN2017,28AUG2016,8049,8049.05,302,301.89,275,275.42,5582,
242,3,1,28APR2016,08JAN2015,8272,11782.18,293,447.65,259,378.68,8119,2775
242,3,2,24MAR2017,01JUN2016,8367,8367.33,316,315.59,259,259.31,5729,2170
243,3,1,18AUG2015,06JUL2015,,1021.43,,45.00,,29.97,691,326
244,3,1,10MAY2015,15APR2015,,,,,,,,197
245,3,1,07APR2015,21DEC2014,,2450.85,,89.46,,78.28,1723,639
246,3,1,08JAN2016,04MAR2015,8827,8968.19,364,370.08,289,293.85,6387,1990
247,3,1,07MAY2016,15JUN2015,7903,8285.89,333,352.16,270,285.11,6128,2069
247,3,2,28MAR2017,04JUN2016,8815,8815.35,344,343.94,295,295.25,6364,0
248,3,1,10OCT2016,18DEC2014,8997,15920.77,358,658.89,282,528.49,11788,3689
251,3,1,09JUL2016,10JUN2015,9126,11047.21,438,544.52,313,387.21,9018,2651
251,3,2,14AUG2017,24JUL2016,6883,8400.91,353,430.71,276,334.10,7446,2596
252,3,1,09NOV2015,13APR2015,,6121.44,,224.51,,205.35,4167,1367
253,2,1,20JUN2016,05JUL2015,7763,8542.59,314,349.79,232,258.21,5928,2442
253,2,2,24JUL2017,12SEP2016,9045,9194.94,352,359.48,279,284.68,6262,
254,2,1,12DEC2016,11JAN2016,9623,10526.29,333,369.23,298,332.60,6800,
256,2,1,12AUG2016,04JUL2015,8183,10550.89,250,324.91,234,307.05,6107,
256,2,2,20AUG2017,02OCT2016,10582,10899.60,316,327.07,293,302.65,6153,
257,2,1,11NOV2016,01OCT2015,7062,8839.69,299,378.03,223,290.53,6538,
258,2,1,16JUL2016,03AUG2015,5414,5852.28,254,280.22,175,189.59,5272,
258,2,2,07SEP2017,08NOV2016,7035,7035.22,319,318.71,226,226.02,5280,
262,3,1,20MAY2015,12APR2015,,,,,,,0,294
263,3,1,07MAR2016,06MAR2015,7375,8722.75,332,392.05,257,306.59,6815,2271
263,3,2,11JAN2017,10APR2016,8510,8509.71,372,371.77,296,296.27,5370,2278
263,3,3,05DEC2017,06MAR2017,8920,8920.26,379,378.77,304,303.66,6239,2321
266,2,1,01MAR2016,16JAN2016,,,,,,,288,296
268,2,1,23MAY2017,12AUG2016,5585,5584.63,231,231.25,188,187.64,3857,
269,2,1,10MAR2017,14JAN2016,8065,10427.11,299,399.66,247,341.71,7074,
270,2,1,24APR2016,30APR2015,7654,8831.50,318,368.65,238,276.04,6203,2431
270,2,2,19NOV2017,16JUN2016,10129,14481.11,383,569.75,320,477.53,10515,
271,3,1,17APR2016,10MAR2015,6869,8813.63,267,353.72,229,298.68,6404,2393
271,3,2,30AUG2016,28MAY2016,,2907.33,,97.06,,87.94,1831,732
273,3,1,28APR2016,12MAR2015,8143,10096.30,362,476.56,283,362.50,8177,2644
273,3,2,01MAY2017,31MAY2016,7230,7603.20,359,381.17,256,273.77,6368,2311
275,3,2,10JUL2017,15MAY2017,,1178.80,,57.65,,32.29,886,494
276,3,1,08MAR2017,06DEC2015,8019,11300.66,350,511.03,267,392.72,8673,3835
277,2,1,24NOV2016,04OCT2015,6977,9546.55,308,414.00,206,301.93,7057,
277,2,2,20DEC2017,26JAN2017,6993,7438.14,264,283.91,218,236.10,4913,
278,2,1,08NOV2016,30SEP2015,9561,11723.41,404,501.14,297,380.22,8682,
278,2,2,10APR2017,24DEC2016,,4941.60,,191.31,,141.49,3390,
279,3,1,26OCT2016,13DEC2015,8843,9241.28,392,409.42,311,326.93,7196,2349
279,3,2,27SEP2017,05DEC2016,9100,9099.90,367,366.59,328,328.49,6645,2320
281,3,1,10NOV2015,06SEP2015,,1358.27,,73.18,,43.42,1162,461
282,3,1,12MAR2016,11MAR2015,8379,9498.41,241,289.60,257,297.75,5746,2401
282,3,2,05OCT2016,10MAY2016,,5369.67,,194.90,,155.99,3490,1073
285,3,1,14AUG2016,24OCT2015,4741,4741.34,195,194.63,158,157.88,3413,1408
286,2,1,15MAR2017,23APR2016,7449,7784.67,309,326.78,246,259.33,5688,
288,2,1,29SEP2016,03AUG2015,6909,9454.53,289,396.16,230,321.13,6984,
288,2,2,14DEC2017,16JAN2017,8593,8963.77,347,361.78,274,288.68,6090,
292,3,1,02MAY2015,15APR2015,,,,,,,,136
296,3,1,27MAY2016,19JUN2015,7067,7749.96,318,357.15,251,276.21,6154,2037
296,3,2,01APR2017,07JUN2016,5752,5752.19,292,291.86,230,230.03,5116,2140
297,3,1,19APR2017,25JUN2015,8568,17208.90,334,688.43,270,573.24,12357,4040
298,3,1,06OCT2016,02JUL2015,7189,10047.13,255,368.21,233,332.44,7219,2517
299,3,1,05MAR2017,17FEB2016,6809,8141.87,322,388.81,241,297.61,6694,2396
303,2,1,03SEP2016,29AUG2016,,,,,,,,
306,3,1,20DEC2014,29DEC2013,8782,9893.81,312,352.87,271,309.88,7075,
306,3,2,09MAR2016,25JAN2015,9325,11387.99,336,420.60,289,371.68,7850,2713
306,3,3,04APR2017,18MAY2016,10401,10854.44,382,398.77,329,345.59,6689,2494
307,3,1,18JUN2016,27JUN2015,8485,9436.82,323,365.98,276,310.76,6552,2271
307,3,2,09MAY2017,25JUL2016,8332,8331.83,309,308.96,272,271.97,5674,2233
308,3,1,28SEP2015,24AUG2015,,,,,,,0,259
311,2,1,30MAR2017,02DEC2015,8133,11174.37,388,548.55,271,399.82,9282,
312,2,1,26JAN2017,18FEB2016,8227,9111.03,307,341.07,264,297.05,5734,
312,2,2,23JUL2017,27MAR2017,,3897.36,,135.39,,117.06,2401,
314,2,1,06JUL2016,02SEP2015,7576,7623.73,307,309.17,237,239.08,5205,
314,2,2,10OCT2017,29SEP2016,10252,11651.40,389,446.25,318,366.71,7385,
316,3,1,18JUN2016,29JUL2015,6563,6995.47,279,299.04,210,224.92,5114,1789
316,3,2,01MAY2017,26JUL2016,6384,6383.91,280,280.38,219,219.33,4931,2058
316,3,3,01SEP2017,27JUN2017,,1022.65,,39.89,,29.87,673,548
317,3,1,09JUL2016,30JUL2015,6118,6743.30,286,317.47,216,240.30,5586,2027
317,3,2,01MAY2017,17AUG2016,4442,4441.64,204,204.13,152,151.81,3488,2089
319,3,1,15MAY2016,18JUL2015,7461,7460.87,310,310.11,247,246.94,5494,1832
322,3,1,09SEP2016,31OCT2015,7483,7688.33,355,363.65,262,270.07,6142,2081
322,3,2,27JUL2017,14OCT2016,6890,6890.39,309,308.71,250,249.97,5197,2243
326,2,1,24APR2017,23FEB2016,7968,10877.29,283,393.21,263,367.96,7439,
327,2,1,17FEB2017,09JAN2016,6786,8548.97,296,372.86,193,251.98,6267,
328,3,1,16AUG2016,07SEP2015,7884,8602.64,286,316.94,233,256.81,5673,2045
328,3,2,11AUG2017,20SEP2016,8004,8245.65,298,308.84,243,250.84,5509,2291
331,3,1,07JAN2017,25OCT2015,7745,10329.32,325,441.27,260,361.93,7887,2778
331,3,2,16DEC2017,17MAR2017,8170,8169.85,330,330.44,291,291.17,6031,2277
332,2,1,21APR2017,16APR2017,,,,,,,,
335,2,1,01OCT2017,08SEP2016,7361,8595.91,324,383.97,240,284.74,6332,
336,1,1,23NOV2016,11OCT2015,8848,11229.93,363,466.36,264,347.15,7991,
336,1,2,20DEC2017,03JAN2017,10769,11425.84,406,438.34,322,346.83,7727,2644
337,3,2,28OCT2017,30AUG2016,8798,11114.85,374,490.29,313,409.46,8794,3246
338,3,1,09SEP2016,30OCT2015,9726,10049.85,334,346.69,318,328.34,6489,2137
338,3,2,08OCT2017,19SEP2016,9477,11179.17,346,417.14,344,412.18,7622,2924
339,3,1,04APR2016,21JUL2015,5883,5882.72,256,255.60,210,209.92,4505,1436
340,3,1,20JUL2016,03OCT2015,6094,6093.64,272,272.39,189,188.80,4540,1655
340,3,2,23NOV2016,01SEP2016,,2105.01,,82.01,,69.72,1255,648
341,3,1,02JUN2016,30JUL2015,6606,6659.02,286,288.65,226,227.93,4956,1720
341,3,2,15FEB2017,28JUN2016,,3976.80,,166.84,,145.22,3129,1549
343,3,1,05AUG2016,14SEP2015,7414,7945.83,366,392.30,249,268.19,6562,1957
344,3,1,31MAY2016,12APR2016,,1302.85,,54.78,,38.98,927,370
345,3,1,10JAN2017,26MAR2016,8298,8298.45,326,325.56,276,275.95,5951,2094
345,3,2,22OCT2017,05MAR2017,7738,7738.41,281,281.40,254,254.44,5097,
347,3,1,13NOV2017,04MAY2016,9282,15775.14,374,681.54,313,556.00,11987,4019
348,3,1,01OCT2016,17OCT2015,8083,9246.01,313,355.18,248,285.19,6358,2254
348,3,2,01SEP2017,08NOV2016,8436,8436.11,313,313.31,265,265.43,5605,2254
350,3,1,24MAR2017,04JUN2016,7695,7695.02,326,325.97,277,276.54,5945,2189
352,2,1,12JUN2017,26APR2016,7789,9748.34,281,372.92,230,299.79,6643,
355,2,1,26MAY2017,27MAY2016,8642,9660.91,323,370.44,283,322.01,6490,
359,3,1,07SEP2016,26AUG2016,,,,,,,,108
361,3,1,09DEC2016,18FEB2016,6816,6815.81,291,291.20,220,220.41,5011,
361,3,2,08FEB2017,13DEC2016,,1051.46,,43.07,,37.13,804,529
362,3,1,05JAN2017,18MAR2016,7106,7106.29,343,342.58,239,238.90,5457,2012
362,3,2,06DEC2017,04MAR2017,7366,7366.15,311,311.17,245,244.60,5330,2075
363,3,1,13FEB2016,12FEB2016,,,,,,,,16
366,3,1,02MAY2016,01FEB2016,,1952.05,,70.60,,70.17,1345,624
367,3,1,17JAN2017,14JAN2017,,,,,,,,38
370,2,1,11DEC2017,02JAN2017,6884,7577.84,331,366.84,232,261.03,6169,
373,2,1,30JUL2017,03JUN2016,7423,9332.80,289,384.37,244,312.22,6720,
374,2,1,28NOV2016,18OCT2016,,617.91,,25.45,,17.43,436,
378,3,1,20MAR2017,28MAY2016,7244,7244.19,282,282.36,227,226.98,5064,1858
379,3,1,16MAY2017,18FEB2016,8356,11420.36,307,436.16,288,411.27,8225,3117
380,3,1,28OCT2017,14JAN2017,7928,7928.39,377,376.74,304,303.97,6483,2335
381,3,1,01OCT2017,13AUG2016,8198,10933.78,310,413.54,267,371.94,7600,2913
381,3,2,06DEC2017,24NOV2017,,,,,,,,112
383,3,1,06FEB2017,23APR2016,6810,6810.02,251,251.27,221,220.77,4669,1800
384,3,1,06FEB2017,01MAY2016,8531,8530.97,378,378.16,291,290.77,6595,2282
386,2,1,20APR2017,20MAY2016,8860,9694.65,362,397.90,276,306.06,6911,
387,3,1,22NOV2017,06FEB2017,7852,7852.25,362,362.17,265,265.05,6081,2266
392,3,1,13FEB2017,28APR2016,8415,8414.57,303,303.18,255,255.06,5274,
394,3,1,09JUN2017,29MAR2017,,1477.29,,66.42,,49.38,1094,587
395,3,1,10NOV2016,21SEP2016,,1442.73,,57.07,,45.30,1033,407
397,3,1,18JUL2017,19AUG2016,9623,10241.82,399,430.77,304,326.69,7459,2686
402,2,1,19SEP2017,06DEC2016,6564,6564.02,249,248.96,195,195.45,4299,
405,3,1,09MAY2017,19JUL2016,9854,9854.18,362,362.41,289,289.29,6416,2227
405,3,2,01OCT2017,28JUN2017,,3305.29,,115.90,,103.67,2119,750
407,2,1,27DEC2017,14MAR2017,7549,7549.02,297,296.62,217,217.23,5230,
409,3,1,15JUN2017,22AUG2016,8630,8630.27,326,326.46,271,270.97,5914,2283
411,3,1,12MAR2017,07MAY2016,9421,9537.89,348,353.64,304,307.48,6577,2287
412,3,1,28OCT2017,20OCT2016,8735,10616.05,357,430.92,309,382.15,7729,2777
413,3,1,22NOV2017,08FEB2017,10096,10095.87,371,371.20,324,324.37,6753,2404
417,3,1,17FEB2017,05FEB2017,,,,,,,0,109
425,3,1,15MAY2017,18JUL2016,7799,7799.42,299,298.53,273,273.35,5664,2306
426,3,1,10JUL2017,24FEB2017,,3301.29,,138.89,,105.03,2298,1051
431,3,1,28APR2017,17FEB2017,,968.98,,58.32,,24.28,880,537
434,2,1,07SEP2017,30SEP2016,5073,5478.69,185,200.01,184,200.13,3807,
436,2,1,28JUN2017,20JUN2017,,,,,,,,
437,1,1,14JUL2017,14SEP2016,7317,7316.69,321,320.79,247,247.38,5540,2081
443,3,1,28SEP2017,02SEP2017,,601.51,,36.63,,21.28,565,208
462,3,1,01SEP2017,25MAY2017,,2252.52,,90.40,,76.08,1618,753
523,3,3,15MAY2017,23JUN2016,11981,12497.14,418,441.93,375,393.32,8094,2737
627,3,1,14DEC2017,31OCT2017,,1196.36,,72.94,,42.65,1151,367
647,3,2,02AUG2017,27SEP2016,7802,7869.41,342,345.19,268,270.07,5603,
